LEAID,district_,latcod,loncod,TotalFreeLunch,NumberStudents,ulocal,coname,countyCode,NumberTeachers,povrate,NumberSchools
4200824,CENTRAL VALLEY SD,40.6813,-80.2732,850,2382,21,BEAVER COUNTY,42007,157.5,.358931882056058,4
4202010,ABINGTON HEIGHTS SD,41.4889,-75.7027,473,3306,21,LACKAWANNA COUNTY,42069,227.08,.150837108285011,6
4202040,ABINGTON SD,40.1145,-75.1385,1529,7639,21,MONTGOMERY COUNTY,42091,544,.213874169216163,9
4202100,ALBERT GALLATIN AREA SD,39.8959,-79.8823,2158,3521,41,FAYETTE COUNTY,42051,235.92,.630580349607114,9
4202130,ALIQUIPPA SD,40.6086,-80.2783,1053,1170,21,BEAVER COUNTY,42007,85,.89643350792958,2
4202190,ALLEGHENY VALLEY SD,40.5448,-79.7835,418,983,21,ALLEGHENY COUNTY,42003,63.33,.438939318295454,3
4202280,ALLENTOWN CITY SD,40.5786,-75.462,14364,16826,12,LEHIGH COUNTY,42077,905.94,.845436100566796,21
4202310,ALLEGHENY-CLARION VALLEY SD,41.1466,-79.6755,292,703,43,CLARION COUNTY,42031,40.99,.415866904433817,2
4202340,ALTOONA AREA SD,40.4924,-78.411,4846,7778,13,BLAIR COUNTY,42013,479.27,.618437840080768,13
4202400,WISSAHICKON SD,40.1675,-75.2313,825,4437,21,MONTGOMERY COUNTY,42091,327.86,.189154819402758,7
4202440,AMBRIDGE AREA SD,40.667,-80.2122,1333,2624,41,BEAVER COUNTY,42007,179,.524591144653306,5
4202480,ANTIETAM SD,40.3479,-75.8674,470,1030,21,BERKS COUNTY,42011,82.33,.461024459945334,3
4202490,ANNVILLE-CLEONA SD,40.3349,-76.4731,391,1474,23,LEBANON COUNTY,42075,97.5,.272304209992129,4
4202550,APOLLO-RIDGE SD,40.6045,-79.4754,620,1283,41,ARMSTRONG COUNTY,42005,86.5,.481044729183271,3
4202590,ARMSTRONG SD,40.7943,-79.2705,2353,5361,42,ARMSTRONG COUNTY,42005,392.5,.434435366787493,10
4202670,ATHENS AREA SD,41.9688,-76.5312,988,2171,32,BRADFORD COUNTY,42015,150.8,.467768692833952,4
4202700,AUSTIN AREA SD,41.6246,-78.0881,99,214,42,POTTER COUNTY,42105,18.43,.460531004989309,2
4202760,AVELLA AREA SD,40.2735,-80.4182,268,573,42,WASHINGTON COUNTY,42125,49,.469623314442056,2
4202790,AVON GROVE SD,39.7962,-75.8846,1296,5096,21,CHESTER COUNTY,42029,314.25,.260118928511346,4
4202820,AVONWORTH SD,40.5416,-80.095,216,1541,21,ALLEGHENY COUNTY,42003,110.5,.140460343674605,3
4202850,PINE-RICHLAND SD,40.6536,-79.9609,335,4612,21,ALLEGHENY COUNTY,42003,303.5,.0695077830403103,6
4202910,BALD EAGLE AREA SD,40.9418,-77.8104,668,1764,41,CENTRE COUNTY,42027,135,.375811054400822,5
4202970,BALDWIN-WHITEHALL SD,40.3454,-79.9957,1419,4117,21,ALLEGHENY COUNTY,42003,257.5,.341483017654307,5
4203000,BANGOR AREA SD,40.8447,-75.212,1213,3031,21,NORTHAMPTON COUNTY,42095,213.45,.408149019475503,5
4203120,BEAVER AREA SD,40.6968,-80.3194,378,1986,21,BEAVER COUNTY,42007,119.65,.18633220443003,4
4203180,BEDFORD AREA SD,40.0322,-78.5066,822,1903,32,BEDFORD COUNTY,42009,125.88,.430975890894484,3
4203210,BELLE VERNON AREA SD,40.1788,-79.8168,866,2587,23,WESTMORELAND COUNTY,42129,147,.340908828109728,6
4203240,BELLEFONTE AREA SD,40.8938,-77.8109,790,2719,41,CENTRE COUNTY,42027,202.75,.295254413925948,6
4203300,BELLWOOD-ANTIS SD,40.5943,-78.3257,110,1259,23,BLAIR COUNTY,42013,66.66,.0932994062765055,3
4203330,BENSALEM TOWNSHIP SD,40.0801,-74.9475,3023,6291,21,BUCKS COUNTY,42017,0,.499526189618013,9
4203360,BENTWORTH SD,40.1272,-80.0278,513,1180,41,WASHINGTON COUNTY,42125,83,.430292953566726,3
4203390,BENTON AREA SD,41.1991,-76.3793,258,690,42,COLUMBIA COUNTY,42037,56.1,.371636987770865,2
4203420,BERLIN BROTHERSVALLEY SD,39.9218,-78.9469,283,788,42,SOMERSET COUNTY,42111,59.25,.361098457281545,3
4203450,BERMUDIAN SPRINGS SD,39.9807,-77.0829,690,2010,41,ADAMS COUNTY,42001,129.65,.341681550207536,3
4203480,BERWICK AREA SD,41.0655,-76.225,1488,2969,23,LUZERNE COUNTY,42079,219,.509571254622008,6
4203510,BETHEL PARK SD,40.3237,-80.0544,549,4452,21,ALLEGHENY COUNTY,42003,347.65,.12993286799105,8
4203570,BETHLEHEM AREA SD,40.6184,-75.397,7323,13900,13,LEHIGH COUNTY,42077,920.2,.548106647091811,22
4203600,BETHLEHEM-CENTER SD,40.0208,-80.0255,594,1262,41,WASHINGTON COUNTY,42125,86,.461461202250129,3
4203630,BIG BEAVER FALLS AREA SD,40.7568,-80.322,1307,1698,21,BEAVER COUNTY,42007,119.87,.765974382263297,4
4203660,BIG SPRING SD,40.1607,-77.3871,894,2651,42,CUMBERLAND COUNTY,42041,202.5,.354278429461233,5
4203688,BLACKHAWK SD,40.7598,-80.3723,673,2495,41,BEAVER COUNTY,42007,157.3,.273513577597903,5
4203690,BLACKLICK VALLEY SD,40.4782,-78.836,369,688,31,CAMBRIA COUNTY,42021,52,.532954267547078,2
4203750,BLAIRSVILLE-SALTSBURG SD,40.4485,-79.2191,707,1684,41,INDIANA COUNTY,42063,121,.420981609787354,5
4203840,BLOOMSBURG AREA SD,40.9985,-76.4552,668,1604,13,COLUMBIA COUNTY,42037,126.5,.404240384562898,5
4203870,BLUE MOUNTAIN SD,40.6321,-76.1955,662,2755,32,SCHUYLKILL COUNTY,42107,181.6,.247336567800264,5
4203900,BLUE RIDGE SD,41.8734,-75.7251,428,1024,42,SUSQUEHANNA COUNTY,42115,78,.416925117338951,3
4203960,BOYERTOWN AREA SD,40.3202,-75.608,1428,7132,22,MONTGOMERY COUNTY,42091,457.9,.221340589070897,10
4204020,BRADFORD AREA SD,41.9672,-78.6185,1287,2591,33,MCKEAN COUNTY,42083,185,.504539535579548,4
4204050,BRANDYWINE HEIGHTS AREA SD,40.4995,-75.7061,360,1561,21,BERKS COUNTY,42011,129.46,.234744063242598,4
4204080,BROWNSVILLE AREA SD,40.0069,-79.8933,1073,1647,41,FAYETTE COUNTY,42051,120,.65814401932899,4
4204140,BRENTWOOD BOROUGH SD,40.3687,-79.9745,624,1181,21,ALLEGHENY COUNTY,42003,89.41,.524314448251624,4
4204200,BRISTOL BOROUGH SD,40.0999,-74.8571,805,1217,21,BUCKS COUNTY,42017,79,.656154159728637,3
4204230,BRISTOL TOWNSHIP SD,40.1384,-74.833,3556,6215,21,BUCKS COUNTY,42017,417.5,.569093082118502,12
4204260,BROCKWAY AREA SD,41.2513,-78.8075,471,1016,41,JEFFERSON COUNTY,42065,78,.456313086243481,2
4204320,BROOKVILLE AREA SD,41.1483,-79.0283,726,1577,41,JEFFERSON COUNTY,42065,111.64,.48404316028724,4
4204500,BURGETTSTOWN AREA SD,40.396,-80.3874,428,1229,41,WASHINGTON COUNTY,42125,98.25,.353418517672897,2
4204530,BURRELL SD,40.5841,-79.7065,497,1802,21,WESTMORELAND COUNTY,42129,123.12,.279241796471845,4
4204590,BUTLER AREA SD,40.8648,-79.8977,2402,7251,31,BUTLER COUNTY,42019,502.6,.380265942353235,14
4204710,CALIFORNIA AREA SD,40.0478,-79.9266,355,912,41,WASHINGTON COUNTY,42125,63,.393326442805883,4
4204740,CAMBRIA HEIGHTS SD,40.6024,-78.7086,517,1425,32,CAMBRIA COUNTY,42021,100,.357702671740618,3
4204830,CAMERON COUNTY SD,41.5151,-78.2492,329,630,33,CAMERON COUNTY,42023,52,.523286290322581,2
4204860,CAMP HILL SD,40.2387,-76.9253,121,1290,21,CUMBERLAND COUNTY,42041,90.6,.0904473082661922,4
4204890,CANON-MCMILLAN SD,40.2615,-80.167,1149,5037,21,WASHINGTON COUNTY,42125,303,.22988488407127,11
4204920,CANTON AREA SD,41.6575,-76.8435,474,1003,42,BRADFORD COUNTY,42015,71.95,.46507290811646,2
4204980,CARBONDALE AREA SD,41.5664,-75.5155,945,1643,21,LACKAWANNA COUNTY,42069,100.16,.577442730247779,2
4205010,CARLISLE AREA SD,40.1973,-77.1862,1662,4906,13,CUMBERLAND COUNTY,42041,346.68,.371111866088279,10
4205040,CARLYNTON SD,40.4013,-80.082,715,1418,21,ALLEGHENY COUNTY,42003,105,.509691387135073,3
4205070,CARMICHAELS AREA SD,39.8971,-79.9784,529,1141,41,GREENE COUNTY,42059,77,.462020470664088,2
4205160,CATASAUQUA AREA SD,40.6585,-75.4642,636,1518,21,LEHIGH COUNTY,42077,90.2,.417961717339481,3
4205190,CENTENNIAL SD,40.1826,-75.0705,1889,5601,21,BUCKS COUNTY,42017,361.82,.337892351633735,6
4205310,CENTRAL BUCKS SD,40.3601,-75.0918,1830,19550,21,BUCKS COUNTY,42017,1167.41,.0974371271026689,23
4205340,CENTRAL CAMBRIA SD,40.4896,-78.7403,620,1693,31,CAMBRIA COUNTY,42021,115.03,.38435161324367,4
4205370,CENTRAL COLUMBIA SD,41.021,-76.3659,494,1804,23,COLUMBIA COUNTY,42037,132.5,.266562505911775,3
4205400,CENTRAL DAUPHIN SD,40.2936,-76.8102,4271,10837,21,DAUPHIN COUNTY,42043,745.1,.414836668205803,19
4205430,CENTRAL GREENE SD,39.8943,-80.1492,780,1894,32,GREENE COUNTY,42059,157.53,.406526273136282,3
4205460,CRESTWOOD SD,41.1392,-75.9018,433,2928,41,LUZERNE COUNTY,42079,157,.148616048716188,4
4205490,CENTRAL YORK SD,40.0117,-76.7499,1621,5817,22,YORK COUNTY,42133,357,.286774433253006,7
4205550,CHAMBERSBURG AREA SD,39.9559,-77.6364,4398,8785,13,FRANKLIN COUNTY,42055,539.3,.515315326229358,17
4205640,CHARLEROI SD,40.158,-79.9187,752,1594,41,WASHINGTON COUNTY,42125,112.5,.466782563336167,3
4205700,CHARTIERS VALLEY SD,40.3788,-80.1029,863,3370,21,ALLEGHENY COUNTY,42003,246.5,.258425947759555,4
4205730,CHARTIERS-HOUSTON SD,40.232,-80.2266,398,1132,21,WASHINGTON COUNTY,42125,82.5,.349967240044265,2
4205760,CHELTENHAM TOWNSHIP SD,40.0597,-75.1082,1080,4561,21,MONTGOMERY COUNTY,42091,357,.247404400573456,7
4205860,CHESTER-UPLAND SD,39.8641,-75.3575,2347,2985,21,DELAWARE COUNTY,42045,79.67,.8056321067549,10
4205880,CHESTNUT RIDGE SD,40.134,-78.5861,785,1649,42,BEDFORD COUNTY,42009,102.94,.490077514279455,4
4205910,CHICHESTER SD,39.8309,-75.4412,1901,3321,21,DELAWARE COUNTY,42045,270.57,.576440279794201,6
4206030,CLAIRTON CITY SD,40.2938,-79.8853,706,785,21,ALLEGHENY COUNTY,42003,65,.898518648518648,2
4206060,CLARION AREA SD,41.2187,-79.3892,249,796,33,CLARION COUNTY,42031,52.7,.314559328886194,2
4206090,CLARION-LIMESTONE AREA SD,41.1841,-79.2751,348,888,41,CLARION COUNTY,42031,68.8,.391416396103896,2
4206120,CLAYSBURG-KIMMEL SD,40.2947,-78.4642,483,871,41,BLAIR COUNTY,42013,57,.552570809554006,2
4206150,CLEARFIELD AREA SD,41.0384,-78.4379,1163,2296,41,CLEARFIELD COUNTY,42033,165.3,.555347011148013,5
4206240,COATESVILLE AREA SD,39.9844,-75.8067,3840,7199,21,CHESTER COUNTY,42029,422.45,.542117926111497,10
4206270,COCALICO SD,40.2278,-76.1471,747,3102,21,LANCASTER COUNTY,42071,216.5,.252552227907302,5
4206360,COLUMBIA BOROUGH SD,40.0386,-76.494,891,1321,21,LANCASTER COUNTY,42071,94.5,.660722410205203,3
4206390,COMMODORE PERRY SD,41.4273,-80.2093,218,498,42,MERCER COUNTY,42085,41,.437379016647309,2
4206420,CONEMAUGH TOWNSHIP AREA SD,40.2426,-78.9205,414,989,23,SOMERSET COUNTY,42111,69.5,.42113062070218,2
4206430,CONEMAUGH VALLEY SD,40.3595,-78.8846,436,823,41,CAMBRIA COUNTY,42021,68,.530286115934838,2
4206480,CONESTOGA VALLEY SD,40.1236,-76.2107,1239,4349,21,LANCASTER COUNTY,42071,281.73,.28988089618063,6
4206550,CONEWAGO VALLEY SD,39.8702,-77.054,1443,3877,23,ADAMS COUNTY,42001,227.54,.381390757917745,5
4206590,CONNEAUT SD,41.6052,-80.3094,1111,2161,32,CRAWFORD COUNTY,42039,144,.531963297375202,5
4206660,CONNELLSVILLE AREA SD,40.0567,-79.5592,2680,4436,41,FAYETTE COUNTY,42051,323.3,.621897813593478,10
4206780,CONRAD WEISER AREA SD,40.3502,-76.1239,926,2718,21,BERKS COUNTY,42011,198.91,.33764513066931,4
4206810,CORNELL SD,40.5109,-80.1644,422,646,21,ALLEGHENY COUNTY,42003,52,.653059056448887,2
4206840,CORNWALL-LEBANON SD,40.3695,-76.4357,1467,4627,23,LEBANON COUNTY,42075,313.65,.328741474618691,6
4206860,CORRY AREA SD,41.9181,-79.6256,1268,2174,41,ERIE COUNTY,42049,155.03,.587049278115829,6
4206930,COUDERSPORT AREA SD,41.7642,-78.0253,320,821,43,POTTER COUNTY,42105,57,.388544024782557,2
4206960,COUNCIL ROCK SD,40.2523,-74.9485,907,11241,21,BUCKS COUNTY,42017,782,.0828899889028848,15
4207050,CRANBERRY AREA SD,41.3711,-79.5403,465,1147,42,VENANGO COUNTY,42121,94.5,.388804430454576,3
4207080,CRAWFORD CENTRAL SD,41.5234,-80.0538,1982,3820,42,CRAWFORD COUNTY,42039,265.65,.534427079353782,8
4207110,CUMBERLAND VALLEY SD,40.2344,-76.9746,1160,8284,21,CUMBERLAND COUNTY,42041,501.28,.157428545107645,10
4207140,CURWENSVILLE AREA SD,40.9677,-78.5189,532,1105,32,CLEARFIELD COUNTY,42033,78.1,.489604901589117,3
4207200,DALLAS SD,41.3461,-75.9626,479,2680,21,LUZERNE COUNTY,42079,164,.17996881057337,4
4207230,DALLASTOWN AREA SD,39.8989,-76.6469,1708,5996,22,YORK COUNTY,42133,388.99,.297330549230743,8
4207290,DANIEL BOONE AREA SD,40.304,-75.7443,790,3627,41,BERKS COUNTY,42011,209.86,.240762236529001,7
4207320,DANVILLE AREA SD,40.9664,-76.6239,625,2261,23,MONTOUR COUNTY,42093,174,.281499890020677,4
4207530,DELAWARE VALLEY SD,41.2922,-74.9524,1460,4881,41,PIKE COUNTY,42103,337,.304311671177971,7
4207540,DEER LAKES SD,40.6246,-79.8577,559,1969,21,ALLEGHENY COUNTY,42003,126.5,.285823673442475,4
4207560,DERRY AREA SD,40.3401,-79.314,972,2150,21,WESTMORELAND COUNTY,42129,140.4,.452917265318562,3
4207590,DERRY TOWNSHIP SD,40.2811,-76.6437,579,3456,21,DAUPHIN COUNTY,42043,249.13,.177549990913153,5
4207650,DONEGAL SD,40.097,-76.5071,1099,2895,41,LANCASTER COUNTY,42071,181.26,.379482414145154,4
4207680,DOVER AREA SD,39.996,-76.8626,1370,3645,41,YORK COUNTY,42133,225,.387681183897361,6
4207710,DOWNINGTOWN AREA SD,40.048,-75.6605,869,12028,21,CHESTER COUNTY,42029,805.53,.0666403325766861,15
4207830,DUBOIS AREA SD,41.0533,-78.7251,1971,3807,41,CLEARFIELD COUNTY,42033,277.5,.573434125453969,10
4207980,DUNMORE SD,41.4285,-75.6339,555,1560,21,LACKAWANNA COUNTY,42069,97.55,.350371523367828,3
4208010,DUQUESNE CITY SD,40.372,-79.8482,363,366,21,ALLEGHENY COUNTY,42003,27,.991803278688525,2
4208060,EAST ALLEGHENY SD,40.3745,-79.8248,1157,1692,21,ALLEGHENY COUNTY,42003,118.5,.681485671989164,3
4208280,FOREST AREA SD,41.4732,-79.1259,308,515,43,FOREST COUNTY,42053,47.68,.590129974644336,4
4208460,EASTERN LEBANON COUNTY SD,40.3685,-76.3303,724,2428,41,LEBANON COUNTY,42075,154.35,.287777603496259,5
4208490,EAST LYCOMING SD,41.2813,-76.7187,519,1669,41,LYCOMING COUNTY,42081,105.73,.319436874043585,4
4208550,EAST PENN SD,40.5501,-75.573,1702,8058,21,LEHIGH COUNTY,42077,489.6,.22137520506999,11
4208580,EAST PENNSBORO AREA SD,40.2981,-76.9453,745,2738,21,CUMBERLAND COUNTY,42041,190.74,.278098281290706,4
4208670,EAST STROUDSBURG AREA SD,41.0211,-75.1721,3781,7283,41,MONROE COUNTY,42089,561.61,.534074201511234,10
4208790,EASTERN YORK SD,39.9983,-76.5256,897,2532,41,YORK COUNTY,42133,178,.366421014384446,5
4208820,EASTERN LANCASTER COUNTY SD,40.196,-76.0336,1108,3174,41,LANCASTER COUNTY,42071,205.5,.355884642333074,5
4208850,EASTON AREA SD,40.6851,-75.2692,3964,8736,21,NORTHAMPTON COUNTY,42095,542.9,.434432697014187,10
4209090,ELIZABETH FORWARD SD,40.2763,-79.826,820,2341,21,ALLEGHENY COUNTY,42003,171.68,.356451704701618,6
4209120,ELIZABETHTOWN AREA SD,40.0955,-76.6714,1041,3909,41,LANCASTER COUNTY,42071,248.5,.261875165183234,7
4209150,ELK LAKE SD,41.7361,-75.9569,565,1255,42,SUSQUEHANNA COUNTY,42115,94,.448101721391816,2
4209240,ELLWOOD CITY AREA SD,40.857,-80.2869,841,1824,31,LAWRENCE COUNTY,42073,120,.475619065454706,4
4209270,EPHRATA AREA SD,40.1537,-76.1985,1818,4203,21,LANCASTER COUNTY,42071,246.1,.453786603125485,6
4209300,ERIE CITY SD,42.1024,-80.0822,11686,11740,12,ERIE COUNTY,42049,789.5,.995139784272827,19
4209360,EVERETT AREA SD,39.9162,-78.3783,755,1293,42,BEDFORD COUNTY,42009,82.53,.595661031050851,5
4209480,EXETER TOWNSHIP SD,40.3152,-75.8617,1047,4078,21,BERKS COUNTY,42011,269,.267876997363917,6
4209540,FAIRFIELD AREA SD,39.7817,-77.3753,212,1105,41,ADAMS COUNTY,42001,76.49,.192366803587354,3
4209570,FAIRVIEW SD,42.0313,-80.2578,344,1565,22,ERIE COUNTY,42049,102.8,.218610508927031,3
4209600,KARNS CITY AREA SD,40.9166,-79.6069,559,1522,42,ARMSTRONG COUNTY,42005,101.89,.382119785318706,3
4209660,FANNETT-METAL SD,40.1193,-77.7839,208,510,42,FRANKLIN COUNTY,42055,39.25,.403012812319475,3
4209690,FARRELL AREA SD,41.2129,-80.4842,757,785,21,MERCER COUNTY,42085,62,.960743014116348,2
4209750,FERNDALE AREA SD,40.3176,-78.9311,472,744,23,CAMBRIA COUNTY,42021,58.52,.630122704306681,2
4209780,FLEETWOOD AREA SD,40.441,-75.8835,480,2620,21,BERKS COUNTY,42011,180.4,.189463841507955,5
4209870,FORBES ROAD SD,40.0831,-78.0655,172,375,42,FULTON COUNTY,42057,40.1,.457408886100496,2
4209930,FOREST CITY REGIONAL SD,41.6436,-75.4744,394,800,21,SUSQUEHANNA COUNTY,42115,64.84,.490044434973897,2
4209940,FOREST HILLS SD,40.3305,-78.7544,914,1946,41,CAMBRIA COUNTY,42021,130,.461797784061342,3
4209960,FORT CHERRY SD,40.346,-80.2801,452,1115,41,WASHINGTON COUNTY,42125,87,.404551837041063,2
4209990,FORT LEBOEUF SD,41.9443,-79.9834,858,2125,42,ERIE COUNTY,42049,151,.411677403639581,5
4210070,FOX CHAPEL AREA SD,40.5782,-79.887,784,4245,21,ALLEGHENY COUNTY,42003,369.95,.186867828409558,6
4210110,NORTH SCHUYLKILL SD,40.7744,-76.2947,918,1947,41,SCHUYLKILL COUNTY,42107,141,.469708662936523,2
4210115,NORTH STAR SD,40.1593,-79.0296,546,1159,42,SOMERSET COUNTY,42111,89,.473670825026901,3
4210200,FRANKLIN AREA SD,41.3709,-79.8467,970,1979,41,VENANGO COUNTY,42121,147.05,.489509294860569,6
4210230,FRANKLIN REGIONAL SD,40.4265,-79.6702,537,3622,21,WESTMORELAND COUNTY,42129,252.69,.152155648170751,5
4210350,FRAZIER SD,40.0903,-79.7634,420,1247,41,FAYETTE COUNTY,42051,77,.355208487437977,4
4210380,FREEDOM AREA SD,40.6773,-80.2445,617,1485,21,BEAVER COUNTY,42007,101,.435654314022964,5
4210440,FREEPORT AREA SD,40.6733,-79.6862,523,1874,21,ARMSTRONG COUNTY,42005,122.2,.281018772987373,5
4210530,GALETON AREA SD,41.7366,-77.639,220,379,43,POTTER COUNTY,42105,37.38,.580474934036939,1
4210590,GARNET VALLEY SD,39.8704,-75.5136,376,4838,21,DELAWARE COUNTY,42045,363.05,.0756842458344033,5
4210620,GATEWAY SD,40.446,-79.7717,1279,3498,21,ALLEGHENY COUNTY,42003,267,.39221923486903,7
4210650,GENERAL MCLANE SD,41.8823,-80.1489,646,2197,41,ERIE COUNTY,42049,144.5,.311385010609515,4
4210710,GETTYSBURG AREA SD,39.8262,-77.2289,1264,2989,13,ADAMS COUNTY,42001,209,.444339980221531,5
4210740,GIRARD SD,42.0094,-80.3449,931,1816,22,ERIE COUNTY,42049,124.1,.511426133221005,3
4210830,GLENDALE SD,40.7006,-78.5412,432,815,42,CAMBRIA COUNTY,42021,68.64,.529921031659784,2
4210860,GOVERNOR MIFFLIN SD,40.3054,-75.9623,1463,4064,21,BERKS COUNTY,42011,273,.368632069968614,6
4210870,GREAT VALLEY SD,40.0302,-75.4934,549,3968,21,CHESTER COUNTY,42029,289.8,.128973018955286,6
4210920,GREENSBURG SALEM SD,40.3065,-79.5462,1176,2877,21,WESTMORELAND COUNTY,42129,180,.405027311900102,5
4210950,GREATER JOHNSTOWN SD,40.3285,-78.9524,2552,3103,23,CAMBRIA COUNTY,42021,214.5,.82207788046965,4
4210980,GREATER LATROBE SD,40.2637,-79.3791,1258,4100,21,WESTMORELAND COUNTY,42129,246.6,.305727861396706,5
4211010,GREENCASTLE-ANTRIM SD,39.7806,-77.7204,806,3022,22,FRANKLIN COUNTY,42055,173,.271368746977989,4
4211160,GREENVILLE AREA SD,41.3938,-80.3645,554,1395,31,MERCER COUNTY,42085,94,.404465031068081,3
4211190,GREENWOOD SD,40.5517,-77.1516,214,771,42,PERRY COUNTY,42099,62.4,.271202844774273,3
4211220,GROVE CITY AREA SD,41.1607,-80.0995,1080,2509,32,MERCER COUNTY,42085,180.77,.527374683269164,6
4211310,HALIFAX AREA SD,40.4956,-76.8522,322,1054,42,DAUPHIN COUNTY,42043,92.83,.308188374216598,4
4211340,HAMBURG AREA SD,40.5523,-75.97,857,2256,41,BERKS COUNTY,42011,164,.37672975614039,4
4211400,HAMPTON TOWNSHIP SD,40.5716,-79.9263,332,3027,21,ALLEGHENY COUNTY,42003,186.83,.116583152537744,5
4211420,HANOVER AREA SD,41.2141,-75.9496,1222,2047,21,LUZERNE COUNTY,42079,115,.622697061032054,4
4211450,HANOVER PUBLIC SD,39.8132,-76.9903,930,1735,13,YORK COUNTY,42133,124,.535975969504536,5
4211490,HARBOR CREEK SD,42.17,-79.994,693,2001,22,ERIE COUNTY,42049,144,.35265876656051,5
4211520,HARMONY AREA SD,40.7783,-78.7263,182,326,42,CLEARFIELD COUNTY,42033,35.77,.553444981454423,3
4211580,HARRISBURG CITY SD,40.262,-76.8593,5495,6331,13,DAUPHIN COUNTY,42043,412.67,.871248807202785,16
4211610,HATBORO-HORSHAM SD,40.2098,-75.1876,812,4791,21,MONTGOMERY COUNTY,42091,351.26,.192287161691243,8
4211670,HAVERFORD TOWNSHIP SD,39.9762,-75.2983,707,5806,21,DELAWARE COUNTY,42045,373.2,.114903052211854,7
4211700,HAZLETON AREA SD,40.972,-75.9958,7137,10541,23,LUZERNE COUNTY,42079,626.73,.684312871693362,9
4211730,SAUCON VALLEY SD,40.5722,-75.3277,445,2289,21,NORTHAMPTON COUNTY,42095,166.9,.184920523211975,3
4211760,HEMPFIELD AREA SD,40.2884,-79.5188,1284,5923,21,WESTMORELAND COUNTY,42129,389.56,.224668648546357,11
4211790,HEMPFIELD  SD,40.0863,-76.4114,1826,6814,21,LANCASTER COUNTY,42071,460.94,.269007118438688,10
4211820,HERMITAGE SD,41.2453,-80.4489,688,2041,21,MERCER COUNTY,42085,121.5,.344667438073201,5
4211880,HIGHLANDS SD,40.6386,-79.7484,1406,2500,41,ALLEGHENY COUNTY,42003,183,.575717802224407,5
4211940,HOLLIDAYSBURG AREA SD,40.4186,-78.4476,1068,3425,23,BLAIR COUNTY,42013,229.85,.322182727383798,6
4212030,HOPEWELL AREA SD,40.5976,-80.3603,534,2221,41,BEAVER COUNTY,42007,154,.249822939737595,5
4212090,HUNTINGDON AREA SD,40.4639,-78.0618,952,1961,32,HUNTINGDON COUNTY,42061,147.98,.485556669985025,4
4212150,INDIANA AREA SD,40.6202,-79.1929,949,2804,32,INDIANA COUNTY,42063,209.01,.359636244019384,6
4212170,INTERBORO SD,39.8867,-75.3033,1530,3437,21,DELAWARE COUNTY,42045,262,.456992277519078,6
4212210,IROQUOIS SD,42.1538,-80.012,652,1196,22,ERIE COUNTY,42049,74.6,.542935760812668,2
4212300,JAMESTOWN AREA SD,41.4853,-80.4331,219,541,42,MERCER COUNTY,42085,41,.403595352016405,2
4212330,JEANNETTE CITY SD,40.3148,-79.6086,746,1102,21,WESTMORELAND COUNTY,42129,85,.666263033872674,3
4212390,JEFFERSON-MORGAN SD,39.9284,-80.0649,344,775,42,GREENE COUNTY,42059,54.45,.443376710043377,2
4212420,JENKINTOWN SD,40.0954,-75.1342,90,635,21,MONTGOMERY COUNTY,42091,53.87,.142907268170426,2
4212480,JERSEY SHORE AREA SD,41.1935,-77.313,1036,2605,41,CLINTON COUNTY,42035,171.75,.412270546445571,6
4212540,JIM THORPE AREA SD,41.0201,-75.5873,1011,2128,41,CARBON COUNTY,42025,136.85,.475875072326828,3
4212570,JOHNSONBURG AREA SD,41.5147,-78.6792,246,620,42,ELK COUNTY,42047,59.16,.390486314111082,2
4212600,JUNIATA COUNTY SD,40.6583,-77.217,1248,2965,42,JUNIATA COUNTY,42067,195.5,.444253250143785,11
4212630,JUNIATA VALLEY SD,40.5631,-78.076,348,752,42,HUNTINGDON COUNTY,42061,56,.461090862587122,2
4212660,KANE AREA SD,41.6552,-78.8137,558,1202,41,MCKEAN COUNTY,42083,90.8,.464152090021639,3
4212690,KENNETT CONSOLIDATED SD,39.8102,-75.746,1637,4231,21,CHESTER COUNTY,42029,287.15,.414262702190507,6
4212720,KEYSTONE  SD,41.2291,-79.5349,487,1062,42,CLARION COUNTY,42031,76.5,.453996972639516,2
4212725,KEYSTONE CENTRAL SD,41.0342,-77.3038,2125,4223,42,CLINTON COUNTY,42035,301.11,.565694767106763,12
4212750,KEYSTONE OAKS SD,40.3948,-80.0442,614,1970,21,ALLEGHENY COUNTY,42003,138.5,.301594587351798,5
4212840,KISKI AREA SD,40.6365,-79.5406,1557,3790,41,ARMSTRONG COUNTY,42005,206.04,.431748067409462,10
4212930,KUTZTOWN AREA SD,40.5751,-75.8027,321,1415,41,BERKS COUNTY,42011,120.63,.234109644606818,5
4212990,LACKAWANNA TRAIL SD,41.5669,-75.7861,425,1070,21,WYOMING COUNTY,42131,85,.396277485638611,2
4213020,LAKE-LEHMAN SD,41.2854,-76.1402,520,1908,42,LUZERNE COUNTY,42079,132,.286942327358646,4
4213050,LAKELAND SD,41.5553,-75.6061,490,1520,41,LACKAWANNA COUNTY,42069,93,.329572499237851,3
4213080,LAKEVIEW SD,41.3441,-80.1791,464,1198,42,MERCER COUNTY,42085,90.5,.385706729456729,3
4213110,LAMPETER-STRASBURG SD,39.9954,-76.2341,580,3075,21,LANCASTER COUNTY,42071,193.5,.191665276512926,5
4213140,LANCASTER SD,40.039,-76.3097,9282,11076,13,LANCASTER COUNTY,42071,776.5,.841378489471063,19
4213290,HOMER-CENTER SD,40.5335,-79.159,413,879,32,INDIANA COUNTY,42063,61.5,.469510106200754,2
4213320,LAUREL HIGHLANDS SD,39.9124,-79.7027,1809,3255,23,FAYETTE COUNTY,42051,208,.58688606283753,6
4213380,LAUREL SD,41.0143,-80.2609,342,1275,41,LAWRENCE COUNTY,42073,78,.268092307692308,2
4213440,LEBANON SD,40.3256,-76.4325,3953,4763,13,LEBANON COUNTY,42075,281.63,.835980614557753,7
4213470,LEECHBURG AREA SD,40.628,-79.6032,333,806,21,ARMSTRONG COUNTY,42005,53.3,.415923157302468,2
4213500,LEHIGHTON AREA SD,40.8322,-75.7245,1020,2369,21,CARBON COUNTY,42025,176,.447676450985176,6
4213590,LEWISBURG AREA SD,40.9559,-76.9038,476,1904,32,UNION COUNTY,42119,132,.246529671859779,4
4213710,LIGONIER VALLEY SD,40.2439,-79.2265,535,1563,31,WESTMORELAND COUNTY,42129,110.25,.367596342681012,4
4213770,PENN CAMBRIA SD,40.4649,-78.5826,702,1755,31,CAMBRIA COUNTY,42021,119.41,.414007043343263,5
4213980,LITTLESTOWN AREA SD,39.7494,-77.087,690,2003,31,ADAMS COUNTY,42001,143,.345169060508314,4
4214100,LOWER DAUPHIN SD,40.2612,-76.7011,687,3753,21,DAUPHIN COUNTY,42043,276.92,.259679996093886,8
4214160,LOWER MERION SD,40.0231,-75.2374,652,7841,21,MONTGOMERY COUNTY,42091,654.89,.0799574845270933,10
4214190,LOWER MORELAND TOWNSHIP SD,40.1385,-75.029,163,2153,21,MONTGOMERY COUNTY,42091,160.8,.0776454739946229,3
4214250,METHACTON SD,40.13,-75.4251,586,5042,21,MONTGOMERY COUNTY,42091,382,.12039833010624,8
4214310,LOYALSOCK TOWNSHIP SD,41.2612,-76.9467,495,1489,23,LYCOMING COUNTY,42081,93,.328606991937585,3
4214430,MAHANOY AREA SD,40.8098,-76.1505,614,1022,32,SCHUYLKILL COUNTY,42107,93.15,.594147970488281,3
4214460,LINE MOUNTAIN SD,40.6515,-76.8994,487,1248,42,NORTHUMBERLAND COUNTY,42097,87.5,.38946705503453,5
4214550,MANHEIM CENTRAL SD,40.1713,-76.3926,755,2856,21,LANCASTER COUNTY,42071,202,.275644173967769,5
4214580,MANHEIM TOWNSHIP SD,40.1224,-76.3251,1408,5746,21,LANCASTER COUNTY,42071,356.04,.260583947714538,9
4214730,MARION CENTER AREA SD,40.7686,-79.0546,668,1420,42,INDIANA COUNTY,42063,102.5,.481433807097524,3
4214760,MARPLE NEWTOWN SD,39.9718,-75.3605,419,3347,21,DELAWARE COUNTY,42045,262,.125124796131909,6
4214790,MARS AREA SD,40.6949,-79.9854,255,3277,41,BUTLER COUNTY,42019,190.5,.0762782852779727,5
4214850,CENTRAL FULTON SD,39.9285,-77.9977,423,998,42,FULTON COUNTY,42057,70,.40120711281308,3
4214880,MCGUFFEY SD,40.1204,-80.2888,709,1772,41,WASHINGTON COUNTY,42125,140.94,.397738630097868,4
4214940,MCKEESPORT AREA SD,40.3423,-79.8555,2409,3507,21,ALLEGHENY COUNTY,42003,255,.70855515495177,9
4215030,MECHANICSBURG AREA SD,40.2069,-77.0025,1096,3821,21,CUMBERLAND COUNTY,42041,265.57,.300138611307151,8
4215120,MERCER AREA SD,41.2243,-80.2481,471,1241,31,MERCER COUNTY,42085,78.52,.363389466744039,3
4215150,MEYERSDALE AREA SD,39.798,-79.0422,392,877,41,SOMERSET COUNTY,42111,67.3,.442677603161474,3
4215170,MID VALLEY SD,41.4485,-75.6017,766,1752,21,LACKAWANNA COUNTY,42069,92.85,.434411202250565,4
4215210,MIDD-WEST SD,40.7879,-77.0318,890,2149,41,SNYDER COUNTY,42109,150.5,.429273524724246,4
4215240,MIDDLETOWN AREA SD,40.2133,-76.7418,1098,2343,21,DAUPHIN COUNTY,42043,176.32,.499803313410234,5
4215270,MIDLAND BOROUGH SD,40.6396,-80.4524,218,310,31,BEAVER COUNTY,42007,18.8,.703225806451613,1
4215290,MIFFLIN COUNTY SD,40.5951,-77.5597,2574,5273,32,MIFFLIN COUNTY,42087,346,.491549085687665,10
4215330,MILLCREEK TOWNSHIP SD,42.0437,-80.1721,2374,7172,22,ERIE COUNTY,42049,449.27,.338572771339638,11
4215360,MILLERSBURG AREA SD,40.5314,-76.9622,304,825,32,DAUPHIN COUNTY,42043,74.25,.361118003172338,3
4215450,MILLVILLE AREA SD,41.1238,-76.5269,261,671,42,COLUMBIA COUNTY,42037,56,.382876278396235,2
4215480,MILTON AREA SD,41.0397,-76.8694,1149,2158,32,UNION COUNTY,42119,158.89,.543304965149876,5
4215510,MINERSVILLE AREA SD,40.6745,-76.2785,595,1254,32,SCHUYLKILL COUNTY,42107,83.8,.448885599043792,3
4215540,MOHAWK AREA SD,40.9794,-80.4531,605,1514,41,LAWRENCE COUNTY,42073,111.76,.397034599262593,2
4215600,MONESSEN CITY SD,40.1392,-79.8711,552,840,23,WESTMORELAND COUNTY,42129,68.8,.654477096705836,3
4215660,MONTGOMERY AREA SD,41.1819,-76.8829,310,898,41,LYCOMING COUNTY,42081,68.5,.330039602511513,3
4215720,MONTOUR SD,40.4525,-80.1362,582,2794,21,ALLEGHENY COUNTY,42003,196,.212072158975547,4
4215750,MONTOURSVILLE AREA SD,41.2523,-76.9138,567,1987,23,LYCOMING COUNTY,42081,131,.283295837434782,4
4215810,MONTROSE AREA SD,41.8419,-75.8438,538,1453,42,SUSQUEHANNA COUNTY,42115,114.82,.379869629683909,3
4215830,MOON AREA SD,40.5001,-80.1765,595,3723,21,ALLEGHENY COUNTY,42003,281.29,.183228350344352,8
4215900,MORRISVILLE BOROUGH SD,40.2088,-74.7891,528,881,21,BUCKS COUNTY,42017,58.6,.59604440871571,3
4215960,MOSHANNON VALLEY SD,40.8296,-78.4028,429,914,41,CLEARFIELD COUNTY,42033,66.3,.46699671554083,2
4215990,MOUNT CARMEL AREA SD,40.7931,-76.4221,901,1534,32,NORTHUMBERLAND COUNTY,42097,104.1,.56230130181296,3
4216020,MOUNT UNION AREA SD,40.3792,-77.864,908,1524,32,MIFFLIN COUNTY,42087,102,.601589863078808,5
4216050,MOUNTAIN VIEW SD,41.7451,-75.7414,453,1058,42,SUSQUEHANNA COUNTY,42115,87.25,.427226198997853,2
4216110,MT LEBANON SD,40.3787,-80.0452,449,5235,21,ALLEGHENY COUNTY,42003,382.9,.0782069600533075,10
4216170,MOUNT PLEASANT AREA SD,40.1741,-79.5275,890,2077,21,WESTMORELAND COUNTY,42129,134.17,.463276934100871,6
4216200,MUHLENBERG SD,40.3888,-75.9239,1741,3506,21,BERKS COUNTY,42011,227.5,.503237888009941,4
4216230,MUNCY SD,41.2007,-76.7823,337,1007,31,LYCOMING COUNTY,42081,76.5,.329798108867876,2
4216290,GREATER NANTICOKE AREA SD,41.2024,-75.9886,1361,2185,21,LUZERNE COUNTY,42079,128,.628800570935296,5
4216380,NAZARETH AREA SD,40.792,-75.3224,742,4613,41,NORTHAMPTON COUNTY,42095,302.5,.159822558790723,6
4216410,NESHAMINY SD,40.2059,-74.8999,1754,8352,21,BUCKS COUNTY,42017,530,.217854664658511,12
4216440,NESHANNOCK TOWNSHIP SD,41.0667,-80.3484,310,1255,41,LAWRENCE COUNTY,42073,77.57,.246981330809507,2
4216500,WOODLAND HILLS SD,40.4189,-79.8774,2954,3846,21,ALLEGHENY COUNTY,42003,314.5,.798566628013761,8
4216530,NEW BRIGHTON AREA SD,40.736,-80.3062,784,1485,21,BEAVER COUNTY,42007,109.34,.525312518133756,3
4216620,NEW CASTLE AREA SD,40.9823,-80.3181,2242,3118,31,LAWRENCE COUNTY,42073,215,.712386090288311,8
4216740,NEW KENSINGTON-ARNOLD SD,40.5856,-79.7522,1455,2046,21,WESTMORELAND COUNTY,42129,148.32,.73248126222704,6
4216860,NEW HOPE-SOLEBURY SD,40.3668,-74.9586,65,1537,21,BUCKS COUNTY,42017,117.5,.0430447874497106,4
4216890,NEWPORT SD,40.4802,-77.1378,530,1076,32,PERRY COUNTY,42099,86.8,.47464571200247,3
4216980,NORRISTOWN AREA SD,40.1437,-75.3602,5109,6979,21,MONTGOMERY COUNTY,42091,502.67,.766127869811642,10
4217010,NORTH ALLEGHENY SD,40.6436,-80.0912,460,8229,21,ALLEGHENY COUNTY,42003,536.51,.0534259434537718,13
4217100,MONITEAU SD,41.0584,-79.8996,589,1322,42,BUTLER COUNTY,42019,85.1,.443962899574891,2
4217130,NORTH CLARION COUNTY SD,41.5024,-79.4697,222,592,43,FOREST COUNTY,42053,44.2,.375662100456621,2
4217160,NORTH EAST SD,42.2236,-79.8268,811,1639,31,ERIE COUNTY,42049,113.2,.498964833330231,4
4217220,NORTH HILLS SD,40.5497,-80.0036,1177,4248,21,ALLEGHENY COUNTY,42003,301,.283067168180791,6
4217280,NORTH PENN SD,40.2591,-75.2537,2648,12706,21,MONTGOMERY COUNTY,42091,857.6,.215225036061788,17
4217310,NORTH POCONO SD,41.3375,-75.5346,996,3044,41,LACKAWANNA COUNTY,42069,198,.328178427405917,5
4217370,NORTHAMPTON AREA SD,40.6868,-75.494,1527,5532,21,NORTHAMPTON COUNTY,42095,332.64,.281476866992154,6
4217430,RIVERSIDE BEAVER COUNTY SD,40.832,-80.2599,478,1493,41,BEAVER COUNTY,42007,104.02,.319218774676545,3
4217460,NORTHEAST BRADFORD SD,41.863,-76.2357,398,866,42,BRADFORD COUNTY,42015,60.52,.455242678296177,2
4217520,NORTHEASTERN YORK SD,40.0636,-76.7086,1567,3719,22,YORK COUNTY,42133,247,.427041814092818,8
4217580,NORTHERN BEDFORD COUNTY SD,40.1774,-78.3802,465,1014,42,BEDFORD COUNTY,42009,77.2,.459256407951761,2
4217610,NORTHERN CAMBRIA SD,40.6559,-78.7795,526,1155,32,CAMBRIA COUNTY,42021,82.25,.452864498919624,3
4217640,NORTHERN LEBANON SD,40.4349,-76.4481,626,2337,41,LEBANON COUNTY,42075,147.5,.27683547628776,6
4217670,NORTHERN LEHIGH SD,40.7226,-75.6397,734,1683,41,LEHIGH COUNTY,42077,118.84,.444031276799271,4
4217700,NORTHERN POTTER SD,41.9247,-77.7377,310,554,43,POTTER COUNTY,42105,46.92,.553258911548525,2
4217730,NORTHERN TIOGA SD,41.9188,-77.5674,1104,2111,43,TIOGA COUNTY,42117,182,.533692453113328,5
4217760,NORTHERN YORK COUNTY SD,40.0961,-77.0594,617,3122,21,YORK COUNTY,42133,213.28,.211415410538372,6
4217770,NORTHGATE SD,40.5012,-80.0664,597,1228,21,ALLEGHENY COUNTY,42003,86.63,.488593550108702,3
4217790,NORTHWEST AREA SD,41.222,-76.1131,473,1125,41,LUZERNE COUNTY,42079,80,.433616700339883,3
4217850,NORTHWESTERN LEHIGH SD,40.6849,-75.7237,280,2230,41,LEHIGH COUNTY,42077,154.72,.12892865723979,4
4217880,NORTHWESTERN  SD,41.9638,-80.404,774,1489,41,ERIE COUNTY,42049,107,.529391231440754,4
4217940,NORWIN SD,40.3053,-79.7427,1042,5215,21,WESTMORELAND COUNTY,42129,295,.20064100511139,7
4218030,OCTORARA AREA SD,39.9323,-75.941,855,2468,41,CHESTER COUNTY,42029,149.45,.357787338416368,4
4218090,OIL CITY AREA SD,41.5122,-79.7807,1192,2122,42,VENANGO COUNTY,42121,133.84,.576311698306476,6
4218120,OLD FORGE SD,41.3724,-75.7436,387,931,21,LACKAWANNA COUNTY,42069,65.07,.414528303642896,2
4218150,OLEY VALLEY SD,40.3747,-75.8075,399,1719,41,BERKS COUNTY,42011,124.92,.228833519718371,3
4218210,OSWAYO VALLEY SD,41.9595,-78.1835,249,468,42,POTTER COUNTY,42105,35.65,.530372097038764,3
4218240,OTTO-ELDRED SD,41.9546,-78.3832,330,708,42,MCKEAN COUNTY,42083,44.39,.465430544305523,2
4218270,OWEN J ROBERTS SD,40.1647,-75.6883,754,5194,41,CHESTER COUNTY,42029,374.8,.145376664598117,7
4218300,OXFORD AREA SD,39.7783,-75.9706,1489,3876,21,CHESTER COUNTY,42029,247.1,.402151496644184,6
4218330,PALISADES SD,40.5226,-75.2924,320,1751,41,BUCKS COUNTY,42017,137.57,.192088332014951,5
4218360,PALMERTON AREA SD,40.8712,-75.5659,566,1837,41,CARBON COUNTY,42025,107.7,.325343693736921,5
4218390,PALMYRA AREA SD,40.3083,-76.5843,715,3343,21,LEBANON COUNTY,42075,214.56,.240817890770196,6
4218450,PANTHER VALLEY SD,40.8664,-75.8118,1004,1589,41,CARBON COUNTY,42025,104,.626290687917042,3
4218510,PARKLAND SD,40.6057,-75.549,1677,9191,21,LEHIGH COUNTY,42077,575.58,.181310645328449,11
4218570,PEN ARGYL AREA SD,40.789,-75.2775,534,1682,21,NORTHAMPTON COUNTY,42095,116.69,.320341526099039,3
4218580,PENN-DELCO SD,39.8733,-75.3949,604,3380,21,DELAWARE COUNTY,42045,222,.193545554636788,6
4218590,PENN HILLS SD,40.4606,-79.8282,2360,3908,21,ALLEGHENY COUNTY,42003,291,.63147765368941,5
4218630,PENN MANOR SD,40.0177,-76.3844,1627,5076,41,LANCASTER COUNTY,42071,333.56,.324715920749021,10
4218660,PENN-TRAFFORD SD,40.3616,-79.6413,628,4036,21,WESTMORELAND COUNTY,42129,221.5,.176963526184048,8
4218740,PENNCREST SD,41.7994,-80.0671,1368,3162,32,CRAWFORD COUNTY,42039,240.1,.434250991015344,6
4218750,PENNRIDGE SD,40.3538,-75.253,1226,7333,21,BUCKS COUNTY,42017,460.48,.17011515135035,11
4218780,PENNS MANOR AREA SD,40.6393,-78.945,469,910,42,INDIANA COUNTY,42063,61.25,.51156862745098,2
4218810,PENNS VALLEY AREA SD,40.9442,-77.4422,468,1488,42,CENTRE COUNTY,42027,103,.352615842729468,4
4218840,PENNSBURY SD,40.1898,-74.8178,1834,10181,21,BUCKS COUNTY,42017,751.14,.196082880541768,15
4218900,PEQUEA VALLEY SD,40.0063,-76.1066,780,1627,21,LANCASTER COUNTY,42071,154,.479620273713502,4
4218930,PERKIOMEN VALLEY SD,40.2204,-75.4633,766,5757,21,MONTGOMERY COUNTY,42091,392,.137425357911632,7
4218960,PETERS TOWNSHIP SD,40.2809,-80.0772,179,4279,21,WASHINGTON COUNTY,42125,270.95,.0409891532839251,5
4218990,PHILADELPHIA CITY SD,40.0195,-75.1218,110502,129046,11,PHILADELPHIA COUNTY,42101,7116.19,.86693810547861,240
4219020,PHILIPSBURG-OSCEOLA AREA SD,40.8998,-78.2158,863,1766,32,CENTRE COUNTY,42027,141,.493342160008973,6
4219050,PHOENIXVILLE AREA SD,40.1373,-75.5701,826,3627,21,CHESTER COUNTY,42029,267.18,.239706696567256,6
4219140,PINE GROVE AREA SD,40.5606,-76.3806,645,1638,31,SCHUYLKILL COUNTY,42107,126,.39061374084409,3
4219170,PITTSBURGH SD,40.4652,-79.9896,19245,25238,11,ALLEGHENY COUNTY,42003,1652.95,.788039974411775,56
4219200,PITTSTON AREA SD,41.3248,-75.7648,1461,3339,21,LUZERNE COUNTY,42079,186.75,.445328754687945,5
4219290,PLEASANT VALLEY SD,40.912,-75.4796,2108,5209,41,MONROE COUNTY,42089,388.91,.412689941715022,5
4219350,PLUM BOROUGH SD,40.4909,-79.7808,912,3965,21,ALLEGHENY COUNTY,42003,250.8,.254082340294086,7
4219470,COLONIAL SD,40.0748,-75.3027,841,4674,21,MONTGOMERY COUNTY,42091,363.41,.195777727369812,7
4219500,POCONO MOUNTAIN SD,41.1557,-75.3844,5467,9444,41,MONROE COUNTY,42089,727.95,.588283373085214,11
4219530,PORT ALLEGANY SD,41.8161,-78.2709,386,882,43,MCKEAN COUNTY,42083,60,.431669717899642,2
4219560,PORTAGE AREA SD,40.383,-78.6654,528,926,31,CAMBRIA COUNTY,42021,65.17,.571036841702973,2
4219650,POTTSGROVE SD,40.2609,-75.6066,1185,3196,22,MONTGOMERY COUNTY,42091,228,.375865585790077,5
4219680,POTTSTOWN SD,40.2599,-75.6296,2240,3133,22,MONTGOMERY COUNTY,42091,224.9,.708769803143567,7
4219710,POTTSVILLE AREA SD,40.6841,-76.2182,1639,2842,32,SCHUYLKILL COUNTY,42107,190.25,.578830811755734,3
4219800,PUNXSUTAWNEY AREA SD,40.9542,-78.9754,849,2202,33,JEFFERSON COUNTY,42065,183.1,.409605005226394,8
4219830,PURCHASE LINE SD,40.7351,-78.9187,624,978,42,INDIANA COUNTY,42063,70.13,.637366775882198,2
4219860,QUAKER VALLEY SD,40.5367,-80.1813,278,1933,21,ALLEGHENY COUNTY,42003,150.58,.148055352190361,4
4219890,QUAKERTOWN COMMUNITY SD,40.4158,-75.3738,1441,5242,21,BUCKS COUNTY,42017,332.27,.279042445844345,10
4219920,RADNOR TOWNSHIP SD,40.0477,-75.3613,337,3605,21,DELAWARE COUNTY,42045,279.8,.0885657500724667,5
4220040,READING SD,40.3354,-75.9184,16196,17298,13,BERKS COUNTY,42011,986,.941074308206039,19
4220100,RED LION AREA SD,39.8398,-76.6191,1750,5382,41,YORK COUNTY,42133,331.49,.366242146227861,10
4220130,REDBANK VALLEY SD,41.0037,-79.318,480,1126,43,CLARION COUNTY,42031,85.5,.433175753920853,3
4220220,REYNOLDS SD,41.3373,-80.3954,470,1132,31,MERCER COUNTY,42085,81.8,.415194346289753,2
4220250,RICHLAND SD,40.2702,-78.8404,368,1632,23,CAMBRIA COUNTY,42021,96.3,.224198282291241,2
4220310,RIDGWAY AREA SD,41.4119,-78.7086,378,862,41,ELK COUNTY,42047,66.74,.430720938914804,3
4220370,RIDLEY SD,39.9004,-75.3164,1895,5500,21,DELAWARE COUNTY,42045,377,.388265568268667,9
4220400,RINGGOLD SD,40.2559,-79.9934,1366,2946,21,WASHINGTON COUNTY,42125,199.47,.460738125416191,4
4220430,RIVERVIEW SD,40.5211,-79.8327,408,1018,21,ALLEGHENY COUNTY,42003,87.12,.446421459019128,3
4220460,ROCHESTER AREA SD,40.7075,-80.2783,501,770,41,BEAVER COUNTY,42007,67.67,.628684076245739,3
4220520,ROCKWOOD AREA SD,39.9171,-79.1607,301,732,42,SOMERSET COUNTY,42111,57,.410434041789974,2
4220550,ROSE TREE MEDIA SD,39.9041,-75.4063,470,3705,21,DELAWARE COUNTY,42045,291.31,.117372534421456,6
4220580,SOUTH FAYETTE TOWNSHIP SD,40.3776,-80.1712,310,2778,21,ALLEGHENY COUNTY,42003,165.75,.111715756680395,4
4220640,SAINT MARYS AREA SD,41.2769,-78.4991,790,2156,42,ELK COUNTY,42047,136.3,.392312397742429,5
4220730,SALISBURY TOWNSHIP SD,40.5607,-75.501,461,1615,21,LEHIGH COUNTY,42077,108.29,.276464060454507,4
4220760,SALISBURY-ELK LICK SD,39.7515,-79.0841,133,277,42,SOMERSET COUNTY,42111,30.97,.481178310740355,2
4220850,SAYRE AREA SD,41.9815,-76.5233,525,1107,32,BRADFORD COUNTY,42015,78.95,.469130290456432,2
4220910,SCHUYLKILL HAVEN AREA SD,40.634,-76.1712,531,1264,32,SCHUYLKILL COUNTY,42107,92,.431147940657745,3
4220970,SCHUYLKILL VALLEY SD,40.4475,-75.9479,395,1961,21,BERKS COUNTY,42011,133,.199189422293083,3
4221090,SCRANTON SD,41.4142,-75.655,6760,9733,13,LACKAWANNA COUNTY,42069,682.98,.703009444906907,16
4221120,SELINSGROVE AREA SD,40.8037,-76.8744,1026,2708,32,SNYDER COUNTY,42109,167.58,.381062965212357,4
4221150,YOUGH SD,40.1772,-79.6713,949,2161,41,WESTMORELAND COUNTY,42129,150.1,.457089702829993,5
4221180,SHADE-CENTRAL CITY SD,40.119,-78.8148,242,467,42,SOMERSET COUNTY,42111,37,.519094545988402,2
4221200,SHALER AREA SD,40.5236,-79.9673,1629,4629,21,ALLEGHENY COUNTY,42003,361.83,.37080060777473,8
4221240,SHAMOKIN AREA SD,40.7813,-76.5899,1694,2354,41,NORTHUMBERLAND COUNTY,42097,149.95,.732450020340816,4
4221270,SHANKSVILLE-STONYCREEK SD,40.0179,-78.9062,117,361,42,SOMERSET COUNTY,42111,25.79,.324900692316423,3
4221330,SHARON CITY SD,41.2259,-80.4978,1540,2106,21,MERCER COUNTY,42085,129.67,.760088765771322,5
4221420,SHARPSVILLE AREA SD,41.2552,-80.4756,494,1309,21,MERCER COUNTY,42085,75.1,.386178027343363,3
4221490,SHENANDOAH VALLEY SD,40.8187,-76.2087,817,1058,32,SCHUYLKILL COUNTY,42107,82,.766231154686464,2
4221510,SHENANGO AREA SD,40.9698,-80.3158,364,1171,31,LAWRENCE COUNTY,42073,85,.306726284648909,2
4221540,SHIKELLAMY SD,40.875,-76.7784,1537,2944,41,NORTHUMBERLAND COUNTY,42097,147.77,.554513200401025,6
4221570,SHIPPENSBURG AREA SD,40.0578,-77.5222,1365,3414,31,CUMBERLAND COUNTY,42041,202.32,.377185443354847,6
4221660,SLIPPERY ROCK AREA SD,41.1355,-80.0112,718,2044,32,BUTLER COUNTY,42019,131,.356551839584272,5
4221690,SMETHPORT AREA SD,41.8024,-78.4429,391,877,43,MCKEAN COUNTY,42083,66.5,.44221933991749,2
4221810,SOLANCO SD,39.8087,-76.1578,1446,3585,42,LANCASTER COUNTY,42071,234.5,.408806198557787,7
4221840,SOMERSET AREA SD,40.0091,-79.1026,1066,2265,41,SOMERSET COUNTY,42111,166.3,.507927271589545,5
4221870,SOUDERTON AREA SD,40.3093,-75.4149,1181,6479,41,MONTGOMERY COUNTY,42091,439.4,.192090239744572,11
4221910,SOUTH ALLEGHENY SD,40.3222,-79.8483,871,1572,21,ALLEGHENY COUNTY,42003,112.5,.559661553595317,3
4221930,SOUTH BUTLER COUNTY SD,40.7489,-79.8293,569,2561,41,BUTLER COUNTY,42019,154.11,.227694525114381,4
4222050,SOUTH MIDDLETON SD,40.1523,-77.1393,401,2144,21,CUMBERLAND COUNTY,42041,166,.19044373181853,4
4222060,SOUTH PARK SD,40.3029,-79.9904,427,1946,21,ALLEGHENY COUNTY,42003,128.14,.219017867207158,3
4222140,SOUTH WILLIAMSPORT AREA SD,41.2289,-76.9992,450,1285,23,LYCOMING COUNTY,42081,90.08,.364091722506346,3
4222170,SOUTH EASTERN SD,39.7273,-76.4506,730,2778,42,YORK COUNTY,42133,213.2,.282179343948479,6
4222200,SOUTHEASTERN GREENE SD,39.7597,-79.9844,310,591,42,GREENE COUNTY,42059,56.67,.523137412466996,2
4222230,SOUTH SIDE AREA SD,40.5678,-80.4351,333,1150,42,BEAVER COUNTY,42007,96,.290582822212439,3
4222260,SOUTHERN COLUMBIA AREA SD,40.9047,-76.4956,339,1438,41,COLUMBIA COUNTY,42037,97.6,.232667199002496,3
4222290,SOUTHERN FULTON SD,39.7931,-78.2017,359,793,42,FULTON COUNTY,42057,57.63,.451066687033006,2
4222320,SOUTHERN HUNTINGDON COUNTY SD,40.2408,-77.8971,524,1262,42,HUNTINGDON COUNTY,42061,86.35,.413245106083445,4
4222350,SOUTHERN LEHIGH SD,40.4772,-75.4662,412,3121,41,LEHIGH COUNTY,42077,198.85,.12769706447129,6
4222370,SOUTHERN TIOGA SD,41.5581,-77.1133,801,1799,42,TIOGA COUNTY,42117,154,.447573571749442,6
4222380,SOUTHERN YORK COUNTY SD,39.7602,-76.6784,689,3095,31,YORK COUNTY,42133,206,.230973434799678,5
4222400,SOUTHEAST DELCO SD,39.909,-75.2966,2727,4099,21,DELAWARE COUNTY,42045,264.5,.655109944263816,6
4222410,SOUTHMORELAND SD,40.1358,-79.5933,907,1932,41,WESTMORELAND COUNTY,42129,133.5,.477442312794387,4
4222440,SENECA VALLEY SD,40.8084,-80.1095,1151,7229,41,BUTLER COUNTY,42019,476.53,.161121088995834,9
4222470,SOUTH WESTERN SD,39.8034,-76.9652,913,4094,23,YORK COUNTY,42133,267.3,.227180266846527,6
4222530,SPRING COVE SD,40.3079,-78.339,755,1837,41,BLAIR COUNTY,42013,116.14,.410732500650533,4
4222560,SPRING-FORD AREA SD,40.1714,-75.5496,1161,7841,21,CHESTER COUNTY,42029,536.01,.162174143504131,12
4222590,SPRING GROVE AREA SD,39.8992,-76.796,1284,3796,22,YORK COUNTY,42133,245,.347826211921669,6
4222600,SPRINGFIELD SD,39.9249,-75.3428,564,3907,21,DELAWARE COUNTY,42045,249,.138374443684325,5
4222620,SPRINGFIELD TOWNSHIP SD,40.1044,-75.1982,343,2228,21,MONTGOMERY COUNTY,42091,165.72,.152073564882476,4
4222710,SAINT CLAIR AREA SD,40.717,-76.188,341,590,32,SCHUYLKILL COUNTY,42107,45,.577966101694915,1
4222740,TUSCARORA SD,39.7873,-77.8999,863,2554,42,FRANKLIN COUNTY,42055,153.39,.355307468068621,6
4222770,STATE COLLEGE AREA SD,40.7865,-77.8073,1080,6744,23,CENTRE COUNTY,42027,514.3,.171607062032177,11
4222790,STEEL VALLEY SD,40.4051,-79.9078,1046,1647,21,ALLEGHENY COUNTY,42003,110.5,.649906127641688,5
4222800,STEELTON-HIGHSPIRE SD,40.2388,-76.83,1038,1341,21,DAUPHIN COUNTY,42043,89,.773224043715847,2
4222830,STO-ROX SD,40.4921,-80.0955,1162,1361,21,ALLEGHENY COUNTY,42003,82.74,.857296844925339,3
4222860,STROUDSBURG AREA SD,41.001,-75.234,2160,5066,23,MONROE COUNTY,42089,361.51,.444086356504248,9
4222920,SULLIVAN COUNTY SD,41.4204,-76.4979,217,604,42,SULLIVAN COUNTY,42113,47.1,.357889237199582,2
4222980,SUSQUEHANNA COMMUNITY SD,41.95,-75.5906,462,801,41,SUSQUEHANNA COUNTY,42115,68.99,.567614776963788,2
4223010,SUSQUEHANNA TOWNSHIP SD,40.3287,-76.8705,1087,2773,21,DAUPHIN COUNTY,42043,206.74,.395901971596969,4
4223040,SUSQUENITA SD,40.3534,-77.0033,648,1729,41,PERRY COUNTY,42099,139,.370999537441968,3
4223220,TAMAQUA AREA SD,40.7928,-75.9765,815,2102,31,SCHUYLKILL COUNTY,42107,139.5,.367926784138097,5
4223250,RIVERSIDE SD,41.3807,-75.7199,721,1567,21,LACKAWANNA COUNTY,42069,112.5,.477008900754591,3
4223490,TITUSVILLE AREA SD,41.6309,-79.6685,1281,2070,33,CRAWFORD COUNTY,42039,137.4,.629501702795588,6
4223550,TOWANDA AREA SD,41.7674,-76.4516,811,1579,32,BRADFORD COUNTY,42015,96.75,.529847565584637,3
4223640,TREDYFFRIN-EASTTOWN SD,40.0474,-75.4474,363,6537,21,CHESTER COUNTY,42029,411.2,.0543968521925838,8
4223700,TRI-VALLEY SD,40.6859,-76.6043,324,865,42,SCHUYLKILL COUNTY,42107,69.47,.363828046458319,3
4223760,TRINITY AREA SD,40.1563,-80.2631,1005,3309,21,WASHINGTON COUNTY,42125,237,.318650304531009,6
4223790,TROY AREA SD,41.7793,-76.7933,679,1458,42,BRADFORD COUNTY,42015,104,.473703534427506,3
4223820,TULPEHOCKEN AREA SD,40.4519,-76.177,564,1444,42,BERKS COUNTY,42011,120.6,.385342676647024,3
4223850,TUNKHANNOCK AREA SD,41.5423,-75.954,1083,2595,31,WYOMING COUNTY,42131,194.66,.440919195203404,6
4223880,TURKEYFOOT VALLEY AREA SD,39.7986,-79.3296,251,410,42,SOMERSET COUNTY,42111,37,.605823162658578,2
4223970,TUSSEY MOUNTAIN SD,40.1606,-78.229,652,1121,42,BEDFORD COUNTY,42009,84.4,.602653822031024,5
4224000,TWIN VALLEY SD,40.2445,-75.8698,798,3396,41,BERKS COUNTY,42011,215.55,.239358029710623,5
4224030,TYRONE AREA SD,40.6741,-78.2496,915,1870,31,BLAIR COUNTY,42013,119.2,.483220692528625,3
4224060,UNION AREA SD,40.9997,-80.3776,278,793,31,LAWRENCE COUNTY,42073,54.5,.350381567463219,3
4224090,UNION CITY AREA SD,41.8899,-79.8386,763,1242,32,ERIE COUNTY,42049,86.58,.601474249658597,3
4224120,UNION SD,41.0339,-79.5002,335,614,42,CLARION COUNTY,42031,49,.556813100827185,3
4224150,UNIONTOWN AREA SD,39.7537,-79.4421,1756,2838,42,FAYETTE COUNTY,42051,202,.611514962162193,9
4224210,UNIONVILLE-CHADDS FORD SD,39.9005,-75.629,147,4068,41,CHESTER COUNTY,42029,291.6,.0386651600353456,6
4224240,UNITED SD,40.4661,-79.0456,401,1113,42,INDIANA COUNTY,42063,83,.358203514820047,2
4224300,UPPER ADAMS SD,39.9193,-77.2987,786,1640,41,ADAMS COUNTY,42001,113.37,.482726953815002,5
4224320,UPPER DARBY SD,39.9227,-75.301,6950,12164,21,DELAWARE COUNTY,42045,788.03,.584131342430083,14
4224360,UPPER DAUPHIN AREA SD,40.5664,-76.7565,526,1254,41,DAUPHIN COUNTY,42043,91.84,.415088881109361,3
4224390,UPPER DUBLIN SD,40.1638,-75.1852,458,4268,21,MONTGOMERY COUNTY,42091,297.96,.103312084484198,6
4224480,UPPER MERION AREA SD,40.0975,-75.3738,1178,3940,21,MONTGOMERY COUNTY,42091,276.8,.29219151101,6
4224510,UPPER MORELAND TOWNSHIP SD,40.1727,-75.0904,952,3051,21,MONTGOMERY COUNTY,42091,200.1,.314465644146324,4
4224540,UPPER PERKIOMEN SD,40.4086,-75.507,795,3263,21,MONTGOMERY COUNTY,42091,200.45,.242505526525679,4
4224570,UPPER SAINT CLAIR SD,40.3497,-80.0624,185,4122,21,ALLEGHENY COUNTY,42003,265,.042128471960919,6
4224630,VALLEY GROVE SD,41.4115,-79.8259,508,919,41,VENANGO COUNTY,42121,76.69,.548323021507522,2
4224650,VALLEY VIEW SD,41.497,-75.562,855,2548,41,LACKAWANNA COUNTY,42069,166.9,.341088725862009,4
4224750,WALLENPAUPACK AREA SD,41.4573,-75.1725,1709,3288,42,PIKE COUNTY,42103,269.46,.522456815764493,5
4224790,WALLINGFORD-SWARTHMORE SD,39.8821,-75.3735,446,3524,21,DELAWARE COUNTY,42045,267.38,.12823525432806,5
4224820,WARREN COUNTY SD,41.8575,-79.1355,2133,4574,41,WARREN COUNTY,42123,316.4,.473395404532237,13
4224870,WARRIOR RUN SD,41.0978,-76.7717,560,1569,42,NORTHUMBERLAND COUNTY,42097,123,.364580175064351,4
4224960,WARWICK SD,40.1575,-76.289,1049,4273,21,LANCASTER COUNTY,42071,309.3,.251793685476065,6
4224970,WAYNE HIGHLANDS SD,41.5614,-75.27,1272,2752,41,WAYNE COUNTY,42127,209.9,.464121279794923,6
4224990,WASHINGTON SD,40.1675,-80.2254,1062,1519,21,WASHINGTON COUNTY,42125,120,.690314599057491,3
4225080,WATTSBURG AREA SD,42.0565,-79.9032,474,1438,41,ERIE COUNTY,42049,99.74,.330324834197272,3
4225110,WAYNESBORO AREA SD,39.7561,-77.5901,1910,4413,31,FRANKLIN COUNTY,42055,263.65,.429075592816252,6
4225140,WEATHERLY AREA SD,40.938,-75.817,309,649,41,CARBON COUNTY,42025,53.5,.478427482103953,3
4225170,WELLSBORO AREA SD,41.7422,-77.2994,577,1519,43,TIOGA COUNTY,42117,111.78,.396763081957237,4
4225200,WEST ALLEGHENY SD,40.4489,-80.2397,703,3258,21,ALLEGHENY COUNTY,42003,232,.214959382716637,5
4225230,WEST BRANCH AREA SD,40.9792,-78.2027,518,1114,41,CLEARFIELD COUNTY,42033,71.33,.465073102808076,2
4225290,WEST CHESTER AREA SD,39.939,-75.5537,1536,11659,21,CHESTER COUNTY,42029,804.75,.137981961557421,16
4225440,WEST GREENE SD,39.8682,-80.2837,359,760,42,GREENE COUNTY,42059,75.4,.502431325373107,4
4225590,WEST JEFFERSON HILLS SD,40.3015,-79.9399,418,2822,21,ALLEGHENY COUNTY,42003,189.5,.138594744184048,5
4225650,WEST MIDDLESEX AREA SD,41.174,-80.4495,338,1010,21,MERCER COUNTY,42085,76.71,.341150559244302,4
4225680,WEST MIFFLIN AREA SD,40.3625,-79.8631,1490,2974,21,ALLEGHENY COUNTY,42003,192.4,.510073590635796,5
4225740,WEST PERRY SD,40.3631,-77.1689,982,2512,42,PERRY COUNTY,42099,174.6,.408846586028009,5
4225830,WEST SHORE SD,40.1797,-76.8436,2367,7827,21,YORK COUNTY,42133,484.77,.311166968647437,16
4225950,WYOMING VALLEY WEST SD,41.2841,-75.876,2881,4780,21,LUZERNE COUNTY,42079,316,.575576210283395,7
4225980,WEST YORK AREA SD,39.9496,-76.7817,1028,2959,22,YORK COUNTY,42133,201.53,.357389826047926,6
4226010,MIFFLINBURG AREA SD,40.9205,-77.0286,786,2074,32,UNION COUNTY,42119,147.5,.382393165749718,4
4226040,WESTERN BEAVER COUNTY SD,40.6923,-80.465,288,718,41,BEAVER COUNTY,42007,54.35,.405358842641032,2
4226070,WESTERN WAYNE SD,41.5741,-75.4061,1067,2110,41,WAYNE COUNTY,42127,157.9,.510427283218575,4
4226130,WESTMONT HILLTOP SD,40.3014,-78.9476,438,1573,23,CAMBRIA COUNTY,42021,99,.278195662049108,3
4226250,WHITEHALL-COPLAY SD,40.6483,-75.5042,1703,4172,21,LEHIGH COUNTY,42077,258.15,.403678936399289,5
4226300,WILKES-BARRE AREA SD,41.2717,-75.8499,4797,6884,21,LUZERNE COUNTY,42079,487.17,.709880639378032,9
4226370,WILKINSBURG BOROUGH SD,40.4441,-79.8821,920,932,21,ALLEGHENY COUNTY,42003,104,.984148787449344,4
4226390,WILLIAM PENN SD,39.9267,-75.2513,4033,5083,21,DELAWARE COUNTY,42045,317.6,.794641193915781,10
4226400,WILLIAMS VALLEY SD,40.5818,-76.5772,509,1006,41,SCHUYLKILL COUNTY,42107,90.4,.499562894609033,2
4226430,WILLIAMSBURG COMMUNITY SD,40.46,-78.2025,279,491,42,BLAIR COUNTY,42013,34.74,.566202819920292,2
4226460,WILLIAMSPORT AREA SD,41.2546,-77.0111,3091,5127,13,LYCOMING COUNTY,42081,371.9,.626370730866696,10
4226520,WILMINGTON AREA SD,41.1237,-80.3367,334,1239,31,LAWRENCE COUNTY,42073,98.9,.307193269482419,4
4226550,WILSON AREA SD,40.6739,-75.2416,901,2187,21,NORTHAMPTON COUNTY,42095,157.8,.411611312838642,5
4226580,WILSON  SD,40.3453,-75.9882,1592,5866,21,BERKS COUNTY,42011,394.04,.276036370216622,8
4226610,WINDBER AREA SD,40.2165,-78.8099,522,1163,23,SOMERSET COUNTY,42111,75.54,.436662539639773,3
4226700,WYALUSING AREA SD,41.6596,-76.2565,492,1343,42,BRADFORD COUNTY,42015,86.09,.360864799460644,2
4226730,WYOMING AREA SD,41.3072,-75.8386,907,2374,21,LUZERNE COUNTY,42079,146,.395412354550641,5
4226760,WYOMISSING AREA SD,40.3332,-75.9489,538,1895,21,BERKS COUNTY,42011,142.78,.292241262069903,3
4226820,YORK CITY SD,39.9578,-76.7289,3916,5123,13,YORK COUNTY,42133,278,.764713845256107,8
4226850,YORK SUBURBAN SD,39.964,-76.679,762,2833,22,YORK COUNTY,42133,195.9,.279005545792513,6
