Date,Admini
5/16/2013,2013
5/16/2013,2013
5/16/2013,2013
5/16/2013,2013
5/16/2013,2013
5/16/2013,2013
5/16/2013,2013
5/16/2013,2013
5/16/2013,2013
5/16/2013,2013
5/16/2013,2013
5/16/2013,2013
5/16/2013,2013
5/16/2013,2013
5/16/2013,2013
5/16/2013,2013
5/16/2013,2013
5/16/2013,2013
5/16/2013,2013
5/16/2013,2013
5/16/2013,2013
5/16/2013,2013
5/16/2013,2013
5/16/2013,2013
5/16/2013,2013
5/16/2013,2013
5/16/2013,2013
5/16/2013,2013
5/16/2013,2013
5/16/2013,2013
5/16/2013,2013
5/16/2013,2013
5/16/2013,2013
5/16/2013,2013
5/16/2013,2013
5/16/2013,2013
5/16/2013,2013
5/16/2013,2013
5/16/2013,2013
5/16/2013,2013
5/16/2013,2013
5/16/2013,2013
5/17/2013,2013
5/17/2013,2013
5/17/2013,2013
5/17/2013,2013
5/17/2013,2013
5/17/2013,2013
5/17/2013,2013
5/17/2013,2013
5/17/2013,2013
5/17/2013,2013
5/17/2013,2013
5/17/2013,2013
5/17/2013,2013
5/17/2013,2013
5/17/2013,2013
5/17/2013,2013
5/17/2013,2013
5/17/2013,2013
5/17/2013,2013
5/17/2013,2013
5/17/2013,2013
5/17/2013,2013
5/17/2013,2013
5/17/2013,2013
5/17/2013,2013
5/17/2013,2013
5/17/2013,2013
5/17/2013,2013
5/17/2013,2013
5/17/2013,2013
5/17/2013,2013
5/17/2013,2013
5/17/2013,2013
5/17/2013,2013
5/17/2013,2013
5/17/2013,2013
5/17/2013,2013
5/17/2013,2013
5/17/2013,2013
5/17/2013,2013
5/17/2013,2013
5/17/2013,2013
5/17/2013,2013
5/17/2013,2013
5/17/2013,2013
5/17/2013,2013
5/17/2013,2013
5/17/2013,2013
5/17/2013,2013
5/17/2013,2013
5/17/2013,2013
5/17/2013,2013
5/17/2013,2013
5/17/2013,2013
5/17/2013,2013
5/17/2013,2013
5/17/2013,2013
5/17/2013,2013
5/17/2013,2013
5/17/2013,2013
5/17/2013,2013
5/17/2013,2013
5/17/2013,2013
5/17/2013,2013
5/17/2013,2013
5/17/2013,2013
5/17/2013,2013
5/17/2013,2013
5/17/2013,2013
5/17/2013,2013
5/17/2013,2013
5/17/2013,2013
5/17/2013,2013
5/17/2013,2013
5/17/2013,2013
5/17/2013,2013
5/17/2013,2013
5/17/2013,2013
5/17/2013,2013
5/17/2013,2013
5/17/2013,2013
5/17/2013,2013
5/17/2013,2013
5/17/2013,2013
5/17/2013,2013
5/17/2013,2013
5/17/2013,2013
5/17/2013,2013
5/17/2013,2013
5/17/2013,2013
5/17/2013,2013
5/18/2013,2013
5/18/2013,2013
5/18/2013,2013
5/18/2013,2013
5/19/2013,2013
5/19/2013,2013
5/19/2013,2013
5/19/2013,2013
5/19/2013,2013
5/19/2013,2013
5/19/2013,2013
5/20/2013,2013
5/20/2013,2013
5/20/2013,2013
5/20/2013,2013
5/20/2013,2013
5/20/2013,2013
5/20/2013,2013
5/20/2013,2013
5/20/2013,2013
5/20/2013,2013
5/20/2013,2013
5/20/2013,2013
5/20/2013,2013
5/20/2013,2013
5/20/2013,2013
5/20/2013,2013
5/20/2013,2013
5/20/2013,2013
5/20/2013,2013
5/20/2013,2013
5/20/2013,2013
5/20/2013,2013
5/20/2013,2013
5/20/2013,2013
5/20/2013,2013
5/20/2013,2013
5/20/2013,2013
5/20/2013,2013
5/20/2013,2013
5/20/2013,2013
5/20/2013,2013
5/20/2013,2013
5/20/2013,2013
5/20/2013,2013
5/20/2013,2013
5/20/2013,2013
5/20/2013,2013
5/20/2013,2013
5/20/2013,2013
5/21/2013,2013
5/21/2013,2013
5/21/2013,2013
5/21/2013,2013
5/21/2013,2013
5/21/2013,2013
5/21/2013,2013
5/21/2013,2013
5/21/2013,2013
5/21/2013,2013
5/22/2013,2013
5/22/2013,2013
5/22/2013,2013
5/22/2013,2013
5/22/2013,2013
5/22/2013,2013
5/22/2013,2013
5/22/2013,2013
5/22/2013,2013
5/22/2013,2013
5/22/2013,2013
5/22/2013,2013
5/22/2013,2013
5/22/2013,2013
5/22/2013,2013
5/22/2013,2013
5/22/2013,2013
5/22/2013,2013
5/22/2013,2013
5/22/2013,2013
5/23/2013,2013
5/23/2013,2013
5/23/2013,2013
5/23/2013,2013
5/24/2013,2013
5/24/2013,2013
5/24/2013,2013
5/24/2013,2013
5/24/2013,2013
5/25/2013,2013
5/25/2013,2013
5/26/2013,2013
5/26/2013,2013
5/26/2013,2013
5/27/2013,2013
5/28/2013,2013
5/28/2013,2013
5/28/2013,2013
5/28/2013,2013
5/28/2013,2013
5/28/2013,2013
5/28/2013,2013
5/28/2013,2013
5/28/2013,2013
5/28/2013,2013
5/28/2013,2013
5/28/2013,2013
5/28/2013,2013
5/28/2013,2013
5/28/2013,2013
5/28/2013,2013
5/28/2013,2013
5/28/2013,2013
5/28/2013,2013
5/28/2013,2013
5/28/2013,2013
5/28/2013,2013
5/28/2013,2013
5/28/2013,2013
5/28/2013,2013
5/28/2013,2013
5/28/2013,2013
5/28/2013,2013
5/28/2013,2013
5/28/2013,2013
5/28/2013,2013
5/28/2013,2013
5/28/2013,2013
5/28/2013,2013
5/28/2013,2013
5/28/2013,2013
5/29/2013,2013
5/29/2013,2013
5/29/2013,2013
5/29/2013,2013
5/29/2013,2013
5/29/2013,2013
5/29/2013,2013
5/29/2013,2013
5/29/2013,2013
5/29/2013,2013
5/29/2013,2013
5/29/2013,2013
5/29/2013,2013
5/29/2013,2013
5/29/2013,2013
5/29/2013,2013
5/29/2013,2013
5/29/2013,2013
5/29/2013,2013
5/29/2013,2013
5/29/2013,2013
5/29/2013,2013
5/29/2013,2013
5/29/2013,2013
5/29/2013,2013
5/29/2013,2013
5/29/2013,2013
5/29/2013,2013
5/29/2013,2013
5/29/2013,2013
5/29/2013,2013
5/29/2013,2013
5/29/2013,2013
5/29/2013,2013
5/29/2013,2013
5/29/2013,2013
5/29/2013,2013
5/29/2013,2013
5/29/2013,2013
5/29/2013,2013
5/29/2013,2013
5/29/2013,2013
5/29/2013,2013
5/29/2013,2013
5/29/2013,2013
5/29/2013,2013
5/29/2013,2013
5/29/2013,2013
5/29/2013,2013
5/29/2013,2013
5/29/2013,2013
5/29/2013,2013
5/29/2013,2013
5/30/2013,2013
5/30/2013,2013
5/30/2013,2013
5/30/2013,2013
5/30/2013,2013
5/30/2013,2013
5/30/2013,2013
5/30/2013,2013
5/30/2013,2013
5/30/2013,2013
5/30/2013,2013
5/30/2013,2013
5/30/2013,2013
5/30/2013,2013
5/30/2013,2013
5/30/2013,2013
5/30/2013,2013
5/30/2013,2013
5/30/2013,2013
5/30/2013,2013
5/30/2013,2013
5/31/2013,2013
5/31/2013,2013
5/31/2013,2013
5/31/2013,2013
5/31/2013,2013
5/31/2013,2013
5/31/2013,2013
5/31/2013,2013
5/31/2013,2013
5/31/2013,2013
5/31/2013,2013
5/31/2013,2013
5/31/2013,2013
5/31/2013,2013
6/1/2013,2013
6/1/2013,2013
6/10/2013,2013
6/10/2013,2013
6/10/2013,2013
6/10/2013,2013
6/10/2013,2013
6/10/2013,2013
6/10/2013,2013
6/10/2013,2013
6/10/2013,2013
6/11/2013,2013
6/11/2013,2013
6/11/2013,2013
6/12/2013,2013
6/12/2013,2013
6/12/2013,2013
6/12/2013,2013
6/12/2013,2013
6/12/2013,2013
6/12/2013,2013
6/13/2013,2013
6/13/2013,2013
6/13/2013,2013
6/14/2013,2013
6/2/2013,2013
6/2/2013,2013
6/2/2013,2013
6/2/2013,2013
6/2/2013,2013
6/2/2013,2013
6/2/2013,2013
6/24/2013,2013
6/3/2013,2013
6/3/2013,2013
6/3/2013,2013
6/3/2013,2013
6/3/2013,2013
6/3/2013,2013
6/3/2013,2013
6/3/2013,2013
6/3/2013,2013
6/3/2013,2013
6/3/2013,2013
6/3/2013,2013
6/3/2013,2013
6/3/2013,2013
6/3/2013,2013
6/3/2013,2013
6/3/2013,2013
6/3/2013,2013
6/3/2013,2013
6/3/2013,2013
6/3/2013,2013
6/3/2013,2013
6/4/2013,2013
6/4/2013,2013
6/4/2013,2013
6/4/2013,2013
6/4/2013,2013
6/4/2013,2013
6/4/2013,2013
6/4/2013,2013
6/4/2013,2013
6/4/2013,2013
6/4/2013,2013
6/4/2013,2013
6/4/2013,2013
6/4/2013,2013
6/4/2013,2013
6/4/2013,2013
6/4/2013,2013
6/4/2013,2013
6/4/2013,2013
6/4/2013,2013
6/4/2013,2013
6/5/2013,2013
6/5/2013,2013
6/5/2013,2013
6/5/2013,2013
6/5/2013,2013
6/5/2013,2013
6/5/2013,2013
6/5/2013,2013
6/5/2013,2013
6/5/2013,2013
6/5/2013,2013
6/6/2013,2013
6/6/2013,2013
6/6/2013,2013
6/6/2013,2013
6/6/2013,2013
6/6/2013,2013
6/6/2013,2013
6/6/2013,2013
6/6/2013,2013
6/6/2013,2013
6/7/2013,2013
6/7/2013,2013
6/7/2013,2013
6/7/2013,2013
6/7/2013,2013
6/7/2013,2013
6/7/2013,2013
6/8/2013,2013
4/29/2014,2014
4/29/2014,2014
4/29/2014,2014
4/29/2014,2014
4/29/2014,2014
4/29/2014,2014
4/29/2014,2014
4/29/2014,2014
4/29/2014,2014
4/29/2014,2014
4/29/2014,2014
4/29/2014,2014
4/29/2014,2014
4/29/2014,2014
4/30/2014,2014
4/30/2014,2014
4/30/2014,2014
4/30/2014,2014
4/30/2014,2014
4/30/2014,2014
4/30/2014,2014
4/30/2014,2014
4/30/2014,2014
4/30/2014,2014
4/30/2014,2014
4/30/2014,2014
4/30/2014,2014
4/30/2014,2014
4/30/2014,2014
4/30/2014,2014
4/30/2014,2014
4/30/2014,2014
4/30/2014,2014
4/30/2014,2014
4/30/2014,2014
4/30/2014,2014
4/30/2014,2014
4/30/2014,2014
4/30/2014,2014
4/30/2014,2014
4/30/2014,2014
4/30/2014,2014
4/30/2014,2014
4/30/2014,2014
4/30/2014,2014
4/30/2014,2014
4/30/2014,2014
5/1/2014,2014
5/1/2014,2014
5/1/2014,2014
5/1/2014,2014
5/1/2014,2014
5/1/2014,2014
5/1/2014,2014
5/1/2014,2014
5/1/2014,2014
5/1/2014,2014
5/1/2014,2014
5/1/2014,2014
5/1/2014,2014
5/1/2014,2014
5/2/2014,2014
5/2/2014,2014
5/2/2014,2014
5/2/2014,2014
5/2/2014,2014
5/2/2014,2014
5/2/2014,2014
5/2/2014,2014
5/2/2014,2014
5/2/2014,2014
5/2/2014,2014
5/2/2014,2014
5/2/2014,2014
5/2/2014,2014
5/2/2014,2014
5/2/2014,2014
5/3/2014,2014
5/5/2014,2014
5/5/2014,2014
5/5/2014,2014
5/5/2014,2014
5/5/2014,2014
5/5/2014,2014
5/5/2014,2014
5/5/2014,2014
5/5/2014,2014
5/6/2014,2014
5/6/2014,2014
5/6/2014,2014
5/7/2014,2014
5/7/2014,2014
5/7/2014,2014
5/7/2014,2014
5/7/2014,2014
5/8/2014,2014
5/8/2014,2014
5/8/2014,2014
5/8/2014,2014
5/8/2014,2014
5/8/2014,2014
5/9/2014,2014
5/9/2014,2014
5/9/2014,2014
5/9/2014,2014
5/9/2014,2014
5/9/2014,2014
5/9/2014,2014
5/9/2014,2014
5/10/2014,2014
5/10/2014,2014
5/12/2014,2014
5/12/2014,2014
5/12/2014,2014
5/12/2014,2014
5/12/2014,2014
5/12/2014,2014
5/12/2014,2014
5/13/2014,2014
5/13/2014,2014
5/13/2014,2014
5/13/2014,2014
5/13/2014,2014
5/13/2014,2014
5/14/2014,2014
5/14/2014,2014
5/14/2014,2014
5/14/2014,2014
5/14/2014,2014
5/15/2014,2014
5/15/2014,2014
5/15/2014,2014
5/15/2014,2014
5/16/2014,2014
5/16/2014,2014
5/16/2014,2014
5/16/2014,2014
5/19/2014,2014
5/19/2014,2014
5/19/2014,2014
5/19/2014,2014
5/19/2014,2014
5/19/2014,2014
5/19/2014,2014
5/19/2014,2014
5/19/2014,2014
5/19/2014,2014
5/19/2014,2014
5/20/2014,2014
5/20/2014,2014
5/20/2014,2014
5/20/2014,2014
5/20/2014,2014
5/20/2014,2014
5/20/2014,2014
5/20/2014,2014
5/20/2014,2014
5/20/2014,2014
5/20/2014,2014
5/20/2014,2014
5/20/2014,2014
5/20/2014,2014
5/20/2014,2014
5/20/2014,2014
5/20/2014,2014
5/20/2014,2014
5/20/2014,2014
5/20/2014,2014
5/21/2014,2014
5/21/2014,2014
5/21/2014,2014
5/21/2014,2014
5/21/2014,2014
5/21/2014,2014
5/21/2014,2014
5/21/2014,2014
5/21/2014,2014
5/21/2014,2014
5/21/2014,2014
5/21/2014,2014
5/21/2014,2014
5/21/2014,2014
5/21/2014,2014
5/22/2014,2014
5/22/2014,2014
5/22/2014,2014
5/22/2014,2014
5/22/2014,2014
5/23/2014,2014
5/27/2014,2014
5/27/2014,2014
5/27/2014,2014
5/27/2014,2014
5/27/2014,2014
5/28/2014,2014
5/29/2014,2014
6/2/2014,2014
6/2/2014,2014
6/26/2014,2014
8/15/2014,2014
8/15/2014,2014
8/15/2014,2014
8/15/2014,2014
8/16/2014,2014
8/17/2014,2014
8/18/2014,2014
8/18/2014,2014
8/20/2014,2014
9/5/2014,2014
9/5/2014,2014
9/5/2014,2014
9/5/2014,2014
9/5/2014,2014
9/5/2014,2014
9/5/2014,2014
9/7/2014,2014
9/8/2014,2014
9/8/2014,2014
9/8/2014,2014
9/8/2014,2014
9/8/2014,2014
9/8/2014,2014
9/8/2014,2014
9/8/2014,2014
9/8/2014,2014
9/8/2014,2014
9/8/2014,2014
9/8/2014,2014
9/8/2014,2014
9/8/2014,2014
9/8/2014,2014
9/8/2014,2014
9/9/2014,2014
9/9/2014,2014
9/9/2014,2014
9/9/2014,2014
9/9/2014,2014
9/9/2014,2014
9/9/2014,2014
9/9/2014,2014
9/9/2014,2014
9/9/2014,2014
9/9/2014,2014
9/9/2014,2014
9/10/2014,2014
9/10/2014,2014
9/10/2014,2014
9/10/2014,2014
9/11/2014,2014
9/11/2014,2014
9/11/2014,2014
9/11/2014,2014
9/11/2014,2014
9/11/2014,2014
9/11/2014,2014
9/12/2014,2014
9/12/2014,2014
9/12/2014,2014
9/12/2014,2014
9/12/2014,2014
9/12/2014,2014
9/14/2014,2014
9/15/2014,2014
9/16/2014,2014
9/17/2014,2014
9/18/2014,2014
9/18/2014,2014
9/18/2014,2014
9/18/2014,2014
9/19/2014,2014
9/19/2014,2014
9/22/2014,2014
9/22/2014,2014
9/22/2014,2014
9/22/2014,2014
9/22/2014,2014
9/22/2014,2014
9/23/2014,2014
9/23/2014,2014
9/24/2014,2014
9/24/2014,2014
9/25/2014,2014
9/25/2014,2014
9/26/2014,2014
9/27/2014,2014
9/29/2014,2014
9/29/2014,2014
9/30/2014,2014
9/30/2014,2014
10/1/2014,2014
10/1/2014,2014
10/5/2014,2014
7/14/2016,2016
7/14/2016,2016
7/14/2016,2016
7/14/2016,2016
7/14/2016,2016
7/14/2016,2016
7/14/2016,2016
7/14/2016,2016
7/14/2016,2016
7/14/2016,2016
7/14/2016,2016
7/14/2016,2016
7/15/2016,2016
7/15/2016,2016
7/15/2016,2016
7/15/2016,2016
7/18/2016,2016
7/18/2016,2016
7/18/2016,2016
7/18/2016,2016
7/18/2016,2016
7/18/2016,2016
7/20/2016,2016
7/21/2016,2016
7/21/2016,2016
7/21/2016,2016
7/21/2016,2016
7/21/2016,2016
7/21/2016,2016
7/21/2016,2016
7/21/2016,2016
7/21/2016,2016
7/21/2016,2016
7/21/2016,2016
7/21/2016,2016
7/21/2016,2016
7/21/2016,2016
7/21/2016,2016
7/21/2016,2016
7/21/2016,2016
7/21/2016,2016
7/21/2016,2016
7/21/2016,2016
7/21/2016,2016
7/22/2016,2016
7/22/2016,2016
7/22/2016,2016
7/22/2016,2016
7/22/2016,2016
7/22/2016,2016
7/22/2016,2016
7/22/2016,2016
7/22/2016,2016
7/23/2016,2016
7/23/2016,2016
7/23/2016,2016
7/24/2016,2016
7/25/2016,2016
7/25/2016,2016
7/25/2016,2016
7/25/2016,2016
7/25/2016,2016
7/25/2016,2016
7/25/2016,2016
7/25/2016,2016
7/25/2016,2016
7/25/2016,2016
7/25/2016,2016
7/25/2016,2016
7/25/2016,2016
7/26/2016,2016
7/26/2016,2016
7/26/2016,2016
7/26/2016,2016
7/26/2016,2016
7/27/2016,2016
7/27/2016,2016
7/27/2016,2016
7/28/2016,2016
7/29/2016,2016
8/3/2016,2016
8/3/2016,2016
8/5/2016,2016
8/5/2016,2016
8/7/2016,2016
8/7/2016,2016
8/8/2016,2016
8/8/2016,2016
8/8/2016,2016
8/8/2016,2016
8/8/2016,2016
8/8/2016,2016
8/8/2016,2016
8/8/2016,2016
8/8/2016,2016
8/8/2016,2016
8/8/2016,2016
8/8/2016,2016
8/8/2016,2016
8/8/2016,2016
8/8/2016,2016
8/8/2016,2016
8/8/2016,2016
8/9/2016,2016
8/9/2016,2016
8/9/2016,2016
8/9/2016,2016
8/9/2016,2016
8/9/2016,2016
8/9/2016,2016
8/9/2016,2016
8/9/2016,2016
8/10/2016,2016
8/10/2016,2016
8/10/2016,2016
8/10/2016,2016
8/10/2016,2016
8/10/2016,2016
8/10/2016,2016
8/10/2016,2016
8/10/2016,2016
8/10/2016,2016
8/10/2016,2016
8/10/2016,2016
8/10/2016,2016
8/10/2016,2016
8/11/2016,2016
8/11/2016,2016
8/11/2016,2016
8/11/2016,2016
8/11/2016,2016
8/12/2016,2016
8/12/2016,2016
8/12/2016,2016
8/12/2016,2016
8/15/2016,2016
8/15/2016,2016
8/15/2016,2016
8/15/2016,2016
8/15/2016,2016
8/15/2016,2016
8/16/2016,2016
8/22/2016,2016
8/23/2016,2016
8/24/2016,2016
8/24/2016,2016
8/24/2016,2016
8/24/2016,2016
8/24/2016,2016
8/24/2016,2016
8/24/2016,2016
8/24/2016,2016
8/24/2016,2016
8/25/2016,2016
8/25/2016,2016
8/25/2016,2016
8/25/2016,2016
8/25/2016,2016
8/25/2016,2016
8/25/2016,2016
8/25/2016,2016
8/29/2016,2016
8/30/2016,2016
8/31/2016,2016
9/2/2016,2016
9/7/2016,2016
