"","NCESSCH","USER_ID","cohort","TreatmentFlag","FIDELmid","EFFmeanMID","EFFmeanFINAL","CoTeachStrat","FINAL_a","FINAL_b","FINAL_c","MID_a","MID_b","MID_c","REG_a","REG_b","REG_c","CollabDialogueFinal","CollabDialogueMid","FidelMax","REG_Gender","REG_AgeRange","REG_Exper","REG_GPA","pctLunch","Enrollment","keep","ZPR_1","ZEFFmeanFINAL","ZEFFmeanMID","ZFIDELmid","ZREG_GPA","cc","FIDxGRP","PRE_1","COO_1","LEV_1","PRE_2","COO_2","LEV_2"
"1",428009007050,"Ang","Semester 4 Control",0,2.72727272727273,3.58333333333333,3.5,0,3.5,4,3,3.5,3.5,3.75,NA,NA,NA,NA,2.1,2.08333333333333,2,2,1,3,0.298108284409654,1533,1,0.622670141726743,-0.255105515428406,0.622670141726743,-2.61238503480993,-2.69145988061826,1,0,-0.0179883461018627,0.0152137572776016,0.0962475234928778,-0.0959179228821892,0.0159784323915143,0.0974665472180093
"2",422583001738,"Ali","Semester 3 Control",0,3.81818181818182,3,3.5,0,3.25,3.75,3.5,3.25,3.25,2.5,NA,NA,NA,3.4,2.6,4,2,1,2,3.9,0.259668508287293,181,1,-0.882908235311011,-0.255105515428406,-0.882908235311013,-0.896081255134439,0.903774351056318,1,0,0.217714293059808,0.0105658171351348,0.0225162920452905,0.310596319089234,0.0108915088882147,0.0242479849714662
"3",422583001736,"410","Semester 4",1,4.54545454545455,3.33333333333333,3.91666666666667,3,4,4,3.75,3.25,3.5,3.25,3,3.25,3,1,2.3,4.83333333333333,2,2,2,3.5,0.271457085828343,501,0,-0.0225777341465797,0.757484359408026,-0.0225777341465811,0.248121264649221,-0.69410752968794,1,4.54545454545455,-0.0294674499983437,1.113577349146e-07,0.0023336234269023,0.0501308618055694,1.18847109187837e-05,0.00360541293123431
"4",422583001735,"Ama","Semester 3 Control",0,4.72727272727273,3.5,3.33333333333333,0,3.25,3.5,3.25,3.25,3.5,3.75,NA,NA,NA,1.9,1.9,4.08333333333333,2,1,1,3.7,0.284210526315789,190,1,0.407587516435635,-0.660141465362978,0.407587516435634,0.534171894595135,0.10483341068419,1,0,0.414133159027867,3.65591422263357e-07,0.0219399065586774,0.279788847548602,0.000130748570160142,0.0255627209689221
"5",422583001732,"417","Semester 4",1,4.72727272727273,2.83333333333333,2.83333333333333,2,3,3,2.5,3.5,2.25,2.75,4,2.75,2.5,2.3,2.1,4.75,1,2,1,3.2,0.287854889589905,1268,0,-1.31307348589323,-1.8752493151667,-1.31307348589323,0.534171894595135,-1.89251894024613,1,4.72727272727273,0.100171149239465,0.0057902856319842,0.00415109177610401,-0.0344452958605773,0.00540489741276977,0.00778859810924766
"6",422583001732,"418","Semester 4",1,3.54545454545455,2.16666666666667,3,2,3.5,2.5,3,2.5,2,2,3,2.25,2.25,3.4,3.6,3.66666666666667,1,2,1,3.1,0.287854889589905,1268,0,-3.03373448822209,-1.47021336523212,-3.03373448822209,-1.32515720005331,-2.2919894104322,1,3.54545454545455,-0.742479745806294,0.0421416174082098,0.0203947151470938,-0.794991566862981,0.0338441340266753,0.0209482203169471
"7",422583001716,"Reb","Semester 3 Control",0,3.63636363636364,3.41666666666667,3.5,0,3.75,3.5,3.25,3.5,3.5,3.25,NA,NA,NA,2.8,2.8,4.91666666666667,2,1,1,3.8,0.383986928104575,612,1,0.192504891144527,-0.255105515428406,0.192504891144526,-1.18213188508035,0.504303880870253,1,0,0.178430519866196,2.17410498606238e-06,0.0292715299483997,0.0748578818590796,0.000133303205807577,0.0314247955301049
"8",422436009967,"Mic","Semester 3 Control",0,3.36363636363636,3,3.58333333333333,0,3.5,3.75,3.5,2.75,3,3.25,NA,NA,NA,2,1.2,5,2,3,1,3.9,0.439655172413793,464,1,-0.882908235311011,-0.0525875404611189,-0.882908235311013,-1.61120782999923,0.903774351056318,1,0,0.119504860075779,0.0160261294454055,0.0435543623066799,0.023625140436699,0.0112320547017322,0.0453996370336339
"9",422304006608,"409","Semester 4",1,4.72727272727273,3.08333333333333,3.66666666666667,4,3.5,4,3.5,3,3.25,3,3,2.75,3.25,2.2,2.2,5,2,2,3,3.6,0.375370919881306,674,1,-0.667825610019903,0.149930434506167,-0.667825610019905,0.534171894595135,-0.294637059501875,1,4.72727272727273,0.100171149239465,0.00170995259910798,0.00415109177610401,0.368721256703225,0.00658776621828273,0.0186274120795558
"10",422304006608,"408","Semester 4",1,3.90909090909091,2.91666666666667,3.5,5,3.5,3.75,3.25,2.5,3,3.25,3.5,3,3.25,2.3,2.6,4.08333333333333,2,2,1,3.9,0.375370919881306,674,1,-1.09799086060212,-0.255105515428406,-1.09799086060212,-0.753055940161482,0.903774351056318,1,3.90909090909091,-0.483202547330676,0.00158272454711132,0.00833333428421001,-0.560977329631472,0.00108320359137329,0.00954752003275516
"11",422304006608,"499","Semester 5",1,5,3.58333333333333,3.75,2,3.5,3.75,4,3.75,3.25,3.75,3,3,3.75,2,1.4,4,2,2,2,3.9,0.375370919881306,674,0,0.622670141726743,0.352448409473454,0.622670141726743,0.963247839514007,0.903774351056318,1,5,0.294629048096179,0.000500481093011475,0.00982035384264793,0.342648658344955,0.000309362981870022,0.0102832086558793
"12",422280001801,"440","Semester 4",1,4.54545454545455,3.08333333333333,3.16666666666667,3,3.5,3,3,3.5,3,2.75,3.25,2.5,2.25,1.1,1.6,4.66666666666667,1,5,1,3.6,0.730418943533698,549,0,-0.667825610019903,-1.06517741529755,-0.667825610019905,0.248121264649221,-0.294637059501875,1,4.54545454545455,-0.0294674499983437,0.000955975132357743,0.0023336234269023,-0.151452414476332,0.000714513145814746,0.00532051963051479
"13",422280001801,"576","Semester 5",1,4.45454545454545,2.83333333333333,3.33333333333333,2,3.5,3.25,3.25,3,2.75,2.75,3,3,3.25,1.7,1.7,4.41666666666667,1,3,1,3.9,0.730418943533698,549,0,-1.31307348589323,-0.660141465362978,-1.31307348589323,0.105095949676262,0.903774351056318,1,4.45454545454545,-0.0942867496172488,0.00334065168999369,0.00201350116084971,-0.209955973784209,0.00307012336802629,0.00469911253771051
"14",422280001801,"562","Semester 5",1,3.72727272727273,3.08333333333333,3.41666666666667,0,3.75,3.5,3,3.25,2.75,3.25,3,3,3,2.6,3.1,4.41666666666667,2,4,1,3.8,0.730418943533698,549,0,-0.667825610019903,-0.457623490395693,-0.667825610019905,-1.0391065701074,0.504303880870253,1,3.72727272727273,-0.612841146568485,1.76394971968142e-05,0.0135792088375876,-0.677984448247226,5.18363366124651e-07,0.0144310273127682
"15",422280001799,"267","Semester 2",1,4.63636363636364,3.91666666666667,3.66666666666667,3,4,3,4,4,4,3.75,4,4,3.75,1.5,2,4.41666666666667,1,1,2,3.85,0.83459595959596,792,0,1.48300064289117,0.149930434506167,1.48300064289117,0.391146579622178,0.704039115963287,1,4.63636363636364,0.0353518496205608,0.00536984375915756,0.00304615363198706,0.108634421113447,0.00449236390974946,0.00412412921408043
"16",422280001799,"333","Semester 3",1,4.18181818181818,3.5,3.75,4,3.75,3.75,3.75,3.5,3,4,3,2.25,2.5,2,2.2,4.41666666666667,2,2,1,3.8,0.83459595959596,792,1,0.407587516435635,0.352448409473454,0.407587516435634,-0.32397999524261,0.504303880870253,1,4.18181818181818,-0.288744648473962,0.00129575489122892,0.00340758199688505,-0.385466651707841,0.00167977032280786,0.00528541984554635
"17",422280001799,"584","Semester 5",1,4.45454545454545,3.08333333333333,3,4,3,3,3,3.25,3.25,2.75,3.25,3.5,3.5,2,1.3,4.83333333333333,2,2,4,3.7,0.83459595959596,792,1,-0.667825610019903,-1.47021336523212,-0.667825610019905,0.105095949676262,0.10483341068419,1,4.45454545454545,-0.0942867496172488,0.000739778075696529,0.00201350116084971,0.394793855061494,0.0170007928639246,0.0500275581614702
"18",422280001799,"583","Semester 5",1,4.90909090909091,3.58333333333333,3.91666666666667,6,4,3.75,4,3.75,3.75,3.25,3.75,3.75,3.75,1.3,1.6,4.91666666666667,2,2,3,3.5,0.83459595959596,792,1,0.622670141726743,0.757484359408026,0.622670141726743,0.82022252454105,-0.69410752968794,1,4.90909090909091,0.229809748477274,0.000608231012097778,0.00753819188143445,0.485728375318979,0.00012530472651084,0.020684727318456
"19",422205006853,"407","Semester 4",1,4.09090909090909,3,3.41666666666667,4,3.5,3.25,3.5,3,3,3,3,3,3,2,2,4.58333333333333,2,1,1,3.8,0.201320132013201,303,1,-0.882908235311011,-0.457623490395693,-0.882908235311013,-0.467005310215567,0.504303880870253,1,4.09090909090909,-0.353563948092867,0.00085570288287062,0.00465709148696119,-0.443970211015718,0.000563916049032305,0.00629769847690785
"20",422205006328,"317","Semester 3",1,4.18181818181818,2.91666666666667,3.33333333333333,2,4,3,3,3.25,3,2.5,3.5,3,3,1.2,2.2,4.66666666666667,2,2,1,3.3,0.12443095599393,659,0,-1.09799086060212,-0.660141465362978,-1.09799086060212,-0.32397999524261,-1.49304847006007,1,4.18181818181818,-0.288744648473962,0.00175005337455505,0.00340758199688505,-0.385466651707841,0.00135594929401731,0.00528541984554635
"21",422205001730,"571","Semester 5",1,4.90909090909091,3.66666666666667,4,3,4,4,4,3.75,4,3.25,3.5,3.25,3.25,1,1,4.91666666666667,1,2,3,3.9,0.199706314243759,681,0,0.83775276701785,0.960002334375313,0.83775276701785,0.82022252454105,0.903774351056318,1,4.90909090909091,0.229809748477274,0.00145652457581014,0.00753819188143445,0.485728375318979,0.000828020549940297,0.020684727318456
"22",422205000455,"334","Semester 3",1,4.45454545454545,4,4,2,4,4,4,4,4,4,3,2,2.5,1.6,1.2,4.41666666666667,2,1,2,3.8,0.165668662674651,501,0,1.69808326818228,0.960002334375313,1.69808326818228,0.105095949676262,0.504303880870253,1,4.45454545454545,-0.0942867496172488,0.00722488767069109,0.00201350116084971,-0.00837269750230828,0.00646594971568849,0.00349511807942963
"23",422205000455,"406","Semester 4",1,4,3.16666666666667,3.58333333333333,3,3.75,3.5,3.5,3.25,3,3.25,3.25,3,3.25,1,3.5,4.08333333333333,2,1,1,3.9,0.165668662674651,501,0,-0.452742984728796,-0.0525875404611189,-0.452742984728798,-0.610030625188524,0.903774351056318,1,4,-0.418383247711771,4.20065279465734e-06,0.00629900891606951,-0.502473770323595,8.13189441909616e-06,0.00771839853931078
"24",422157006120,"379","Semester 3",1,5,3.41666666666667,4,5,4,4,4,3.5,3.25,3.5,3.5,3.25,3.5,1,1,4.16666666666667,2,2,3,3.52,0.426326129666012,509,1,0.192504891144527,0.960002334375313,0.192504891144526,0.963247839514007,-0.614213435650727,1,5,0.294629048096179,4.85051824083346e-05,0.00982035384264793,0.544231934626856,0.000881355316024361,0.0223260170844683
"25",422010007500,"385","Semester 3",1,5,3.75,3.75,6,4,3.5,3.75,3.75,3.75,3.75,3,3,3.5,1.9,2.6,5,2,2,1,4,59.864,80,1,1.05283539230896,0.352448409473454,1.05283539230896,0.963247839514007,1.30324482124238,1,5,0.294629048096179,0.00267365890817171,0.00982035384264793,0.141065382063054,0.00420233860292515,0.0145538765601578
"26",422010007500,"574","Semester 5",1,4.90909090909091,3.75,3.66666666666667,5,3.5,3.75,3.75,3.25,4,4,3.5,3.75,4,1.7,1.6,4.83333333333333,2,2,3,3.68,59.864,80,1,1.05283539230896,0.149930434506167,1.05283539230896,0.82022252454105,0.0249393166469769,1,4.90909090909091,0.229809748477274,0.00266943161815657,0.00753819188143445,0.485728375318979,0.00214894669991693,0.020684727318456
"27",422010007500,"567","Semester 5",1,4.63636363636364,3.5,3.91666666666667,4,3.75,4,4,3,3.75,3.75,3.25,3.75,3.75,1.8,2.3,4.83333333333333,2,2,3,3.5,59.864,80,1,0.407587516435635,0.757484359408026,0.407587516435634,0.391146579622178,-0.69410752968794,1,4.63636363636364,0.0353518496205608,0.000355035019230409,0.00304615363198706,0.310217697395347,5.70811681203271e-05,0.0182113866066678
"28",422010004597,"209","Semester 2",1,4.81818181818182,3.75,3.91666666666667,1,3.75,4,4,3.75,4,3.5,3.75,4,4,1,1.6,5,2,2,1,3.54,0.310043668122271,916,0,1.05283539230896,0.757484359408026,1.05283539230896,0.677197209568092,-0.534319341613514,1,4.81818181818182,0.16499044885837,0.00264692415546988,0.00564843785925314,0.0240582634472998,0.00399926975101766,0.00963526949517625
"29",422010004597,"582","Semester 5",1,4.81818181818182,2.66666666666667,3.58333333333333,1,4,3.25,3.5,2.5,3,2.5,3,2.25,2.75,2,3.1,4.66666666666667,2,2,1,3.3,0.310043668122271,916,0,-1.74323873647544,-0.0525875404611189,-1.74323873647544,0.677197209568092,-1.49304847006007,1,4.81818181818182,0.16499044885837,0.0122272365387075,0.00564843785925314,0.0240582634472998,0.0118020425836952,0.00963526949517625
"30",421899006825,"195","Semester 2",1,4.54545454545455,3.25,3.25,2,3,3.25,3.5,3.25,3.5,3,2.75,2.75,2.75,2,2.9,3.83333333333333,1,2,1,4,0.611650485436893,206,0,-0.237660359437688,-0.862659440330265,-0.237660359437689,0.248121264649221,1.30324482124238,1,4.54545454545455,-0.0294674499983437,0.000101683300742155,0.0023336234269023,-0.151452414476332,1.99148677927132e-05,0.00532051963051479
"31",421899005041,"194","Semester 2",1,4.63636363636364,3.75,3.5,5,3,3.75,3.75,3.5,4,3.75,3,2.5,2.75,1.4,1.4,5,2,2,1,3.4,0.461538461538462,520,1,1.05283539230896,-0.255105515428406,1.05283539230896,0.391146579622178,-1.09357799987401,1,4.63636363636364,0.0353518496205608,0.00265271144563427,0.00304615363198706,-0.0929488551684544,0.00386002199315566,0.0063503481543605
"32",421899005041,"289","Semester 3",1,4.81818181818182,3.58333333333333,3.75,4,4,3.25,4,3.5,3.25,4,3.25,3.5,3.75,1,1,5,2,2,1,4,0.461538461538462,520,1,0.622670141726743,0.352448409473454,0.622670141726743,0.677197209568092,1.30324482124238,1,4.81818181818182,0.16499044885837,0.000703380837907468,0.00564843785925314,0.0240582634472998,0.00135403146777742,0.00963526949517625
"33",421899005041,"291","Semester 3",1,4,3.41666666666667,3.91666666666667,7,4,3.75,4,3.75,3,3.5,3.75,3.25,3.25,1.1,2,5,2,2,3,3.8,0.461538461538462,520,1,0.192504891144527,0.757484359408026,0.192504891144526,-0.610030625188524,0.504303880870253,1,4,-0.418383247711771,0.00132782398664645,0.00629900891606951,-0.0993072177597929,0.000709117345712939,0.0267350083656124
"34",421899005041,"287","Semester 3",1,2.90909090909091,2.91666666666667,1,2,1,1,1,3,2.75,3,3,3,3.25,2.1,3,4.41666666666667,2,2,2,3.1,0.461538461538462,520,0,-1.09799086060212,-6.330644764447,-1.09799086060212,-2.32633440486401,-2.2919894104322,1,2.90909090909091,-1.19621484313863,0.00020026935894105,0.0566098373098795,-1.00293320573622,0.000175731768174281,0.0641085845480906
"35",421899005041,"288","Semester 3",1,4.90909090909091,3.66666666666667,4,3,4,4,4,3.75,3.25,4,3.75,3.75,3.75,1,1,5,2,2,1,3.96,0.461538461538462,520,0,0.83775276701785,0.960002334375313,0.83775276701785,0.82022252454105,1.14345663316796,1,4.90909090909091,0.229809748477274,0.00145652457581014,0.00753819188143445,0.0825618227551769,0.00248696074408291,0.0118903623121463
"36",421899005041,"394","Semester 4",1,4.63636363636364,2.83333333333333,4,7,4,4,4,2.75,3.25,2.5,2.5,2.75,2.75,1.1,1.7,5,2,1,2,3.8,0.461538461538462,520,1,-1.31307348589323,0.960002334375313,-1.31307348589323,0.391146579622178,0.504303880870253,1,4.63636363636364,0.0353518496205608,0.00465896053958912,0.00304615363198706,0.108634421113447,0.00480718395614406,0.00412412921408043
"37",421899004727,"Sar","Semester 3 Control",0,4.54545454545455,3,4,0,4,4,4,3,3,3,NA,NA,NA,1.9,2,4.33333333333333,2,1,1,3.7,50.869,1028,1,-0.882908235311011,0.960002334375313,-0.882908235311013,0.248121264649221,0.10483341068419,1,0,0.374849385834255,0.0112793017576246,0.017628543118809,0.245633686600348,0.00861113371453776,0.02098003434546
"38",421899004727,"Jil","Semester 5 Control",0,5,3.08333333333333,3.91666666666667,0,4,3.75,4,3.25,3,3,NA,NA,NA,1,1.4,5,2,2,3,3.9,50.869,1028,1,-0.667825610019903,0.757484359408026,-0.667825610019905,0.963247839514007,0.903774351056318,1,0,0.473058818818284,0.0157416597688516,0.0325569272220965,0.734188141534785,0.0273598383894655,0.0462442594041784
"39",421899004727,"Lau","Semester 5 Control",0,5,3.58333333333333,3.91666666666667,0,3.75,4,4,3.5,3.5,3.75,NA,NA,NA,1,1.1,4.08333333333333,2,2,1,3.6,50.869,1028,1,0.622670141726743,0.757484359408026,0.622670141726743,0.963247839514007,-0.294637059501875,1,0,0.473058818818284,0.000270704915763486,0.0325569272220965,0.331021588970983,0.000944234574139581,0.0366065251918598
"40",421899003803,"464","Semester 5",1,5,4,4,4,4,4,4,4,4,4,3,3.75,3.25,2,1,5,2,1,1,3.7,0.530577088716624,1161,1,1.69808326818228,0.960002334375313,1.69808326818228,0.963247839514007,0.10483341068419,1,5,0.294629048096179,0.00916067920195661,0.00982035384264793,0.141065382063054,0.0122548398179362,0.0145538765601578
"41",421899003773,"Eri","Semester 4 Control",0,4.90909090909091,3.75,3.66666666666667,0,3.75,3.5,3.75,3.75,3.75,3.75,NA,NA,NA,1,1,4.91666666666667,2,2,3,4,0.867269984917044,1326,1,1.05283539230896,0.149930434506167,1.05283539230896,0.82022252454105,1.30324482124238,1,0,0.453416932221478,0.00384562401230653,0.0284645902671412,0.717110561060658,0.00144135760685534,0.0424220632677294
"42",421899003769,"Chr","Semester 2",1,5,3,4,5,4,4,4,3,3,3,3.25,3.25,3.5,1,1,5,1,2,1,3.5,0.65666372462489,1133,1,-0.882908235311011,0.960002334375313,-0.882908235311013,0.963247839514007,-0.69410752968794,1,5,0.294629048096179,0.00644882373833777,0.00982035384264793,0.141065382063054,0.00530026971809921,0.0145538765601578
"43",421899003769,"196","Semester 2",1,4.90909090909091,3.25,4,4,4,4,4,3.5,3.5,2.75,3.25,3.25,4,1.2,2.2,5,2,5,1,4,0.65666372462489,1133,1,-0.237660359437688,0.960002334375313,-0.237660359437689,0.82022252454105,1.30324482124238,1,4.90909090909091,0.229809748477274,0.000861191543588977,0.00753819188143445,0.0825618227551769,0.000447155120663107,0.0118903623121463
"44",421899003769,"294","Semester 3",1,5,4,3.83333333333333,2,3.75,4,3.75,4,4,4,3.25,3.5,3.75,2.3,1.6,4.5,2,3,1,4,0.65666372462489,1133,0,1.69808326818228,0.55496638444074,1.69808326818228,0.963247839514007,1.30324482124238,1,5,0.294629048096179,0.00916067920195661,0.00982035384264793,0.141065382063054,0.0122548398179362,0.0145538765601578
"45",421899003769,"324","Semester 3",1,3.45454545454545,3.5,3.66666666666667,3,3,4,4,3.25,3.75,3.5,3,3.25,3,1.8,2.3,4.66666666666667,2,1,1,3.79,0.65666372462489,1133,0,0.407587516435635,0.149930434506167,0.407587516435634,-1.46818251502627,0.464356833851648,1,3.45454545454545,-0.807299045425199,0.0137873744689043,0.0243910802103953,-0.853495126170858,0.0124078247345865,0.0248194489655987
"46",421899003769,"392","Semester 4",1,4.63636363636364,3.5,4,4,4,4,4,3.75,3,3.75,3.5,3.5,3.75,1,1.5,5,2,2,1,3.7,0.65666372462489,1133,1,0.407587516435635,0.960002334375313,0.407587516435634,0.391146579622178,0.10483341068419,1,4.63636363636364,0.0353518496205608,0.000355035019230409,0.00304615363198706,-0.0929488551684544,0.000736640117652526,0.0063503481543605
"47",421899003769,"474","Semester 5",1,3.90909090909091,3.5,3.83333333333333,3,4,3.75,3.75,3.25,3.75,3.5,2.5,3,3,2.3,2.7,5,2,1,3,4,0.65666372462489,1133,0,0.407587516435635,0.55496638444074,0.407587516435634,-0.753055940161482,1.30324482124238,1,3.90909090909091,-0.483202547330676,0.00332280503402458,0.00833333428421001,-0.15781077706767,0.00291451784717836,0.0295863543410559
"48",421899003769,"473","Semester 5",1,4.09090909090909,3.25,4,3,4,4,4,3,3.75,3,3.25,3.25,3,2,2,5,2,2,1,4,0.65666372462489,1133,0,-0.237660359437688,0.960002334375313,-0.237660359437689,-0.467005310215567,1.30324482124238,1,4.09090909090909,-0.353563948092867,4.10242169477741e-05,0.00465709148696119,-0.443970211015718,0.000124579900307091,0.00629769847690785
"49",421899003765,"Kel","Semester 3 Control",0,4.72727272727273,3.41666666666667,3.83333333333333,0,3.75,4,3.75,3.25,3.5,3.5,NA,NA,NA,1.2,1.7,5,2,1,1,3.8,0.58296943231441,458,1,0.192504891144527,0.55496638444074,0.192504891144526,0.534171894595135,0.504303880870253,1,0,0.414133159027867,0.000419123223703665,0.0219399065586774,0.279788847548602,6.09892278314117e-05,0.0255627209689221
"50",421899003760,"470","Semester 5",1,4.63636363636364,3.58333333333333,3.5,3,3.75,3,3.75,3.5,3.5,3.75,2.75,3.5,3.75,2.2,2,4.75,2,1,1,3.7,0.544897959183673,490,0,0.622670141726743,-0.255105515428406,0.622670141726743,0.391146579622178,0.10483341068419,1,4.63636363636364,0.0353518496205608,0.000883857555514219,0.00304615363198706,-0.0929488551684544,0.00150573243817629,0.0063503481543605
"51",421899003760,"471","Semester 5",1,4.81818181818182,3.08333333333333,3.75,4,3.75,4,3.5,3.25,3,3,2.5,3,3,2.2,2.4,4.91666666666667,2,2,1,3.8,0.544897959183673,490,1,-0.667825610019903,0.352448409473454,-0.667825610019905,0.677197209568092,0.504303880870253,1,4.81818181818182,0.16499044885837,0.00232897822420539,0.00564843785925314,0.0240582634472998,0.00180885815889222,0.00963526949517625
"52",421899003744,"198","Semester 2",1,4.45454545454545,3.66666666666667,3.83333333333333,0,3.75,4,3.75,3.5,4,3.5,3.25,3.25,3.5,1.8,1.4,4.33333333333333,1,2,2,3.9,1.15198863636364,704,0,0.83775276701785,0.55496638444074,0.83775276701785,0.105095949676262,0.903774351056318,1,4.45454545454545,-0.0942867496172488,0.00195363942146565,0.00201350116084971,-0.00837269750230828,0.00158968721685888,0.00349511807942963
"53",421899003744,"285","Semester 3",1,3.09090909090909,3.91666666666667,4,2,4,4,4,3.75,4,4,4,4,4,2.6,4,4.33333333333333,2,2,1,3.7,1.15198863636364,704,0,1.48300064289117,0.960002334375313,1.48300064289117,-2.0402837749181,0.10483341068419,1,3.09090909090909,-1.06657624390082,0.105416147469263,0.0443006198539227,-1.08750936340237,0.0883275376101195,0.0443885778706194
"54",421899003744,"284","Semester 3",1,5,3.91666666666667,4,4,4,4,4,4,4,3.75,4,4,3.75,1,1,5,2,4,4,3.9,1.15198863636364,704,1,1.48300064289117,0.960002334375313,1.48300064289117,0.963247839514007,0.903774351056318,1,5,0.294629048096179,0.00656803862788903,0.00982035384264793,0.745815210908757,0.00829006968883556,0.0506823018459247
"55",421899003744,"395","Semester 4",1,4.72727272727273,3.16666666666667,3.75,4,3.5,4,3.75,3,3.5,3,3,3,3.5,1.2,1,5,2,4,1,4,1.15198863636364,704,1,-0.452742984728796,0.352448409473454,-0.452742984728798,0.534171894595135,1.30324482124238,1,4.72727272727273,0.100171149239465,0.000886299859437243,0.00415109177610401,-0.0344452958605773,0.000578455340721977,0.00778859810924766
"56",421899003744,"Dex","Semester 4 Control",0,2.72727272727273,4,4,0,4,4,4,4,4,4,NA,NA,NA,1.5,1,4.58333333333333,1,5,3,3.5,1.15198863636364,704,1,1.69808326818228,0.960002334375313,1.69808326818228,-2.61238503480993,-0.69410752968794,1,0,-0.0179883461018627,0.109157638056471,0.0962475234928778,0.307248629681613,0.0747905554074309,0.117480327502734
"57",421884004853,"Cou","Semester 4 Control",0,4.72727272727273,3.33333333333333,3.91666666666667,0,4,4,3.75,3.75,3,3.25,NA,NA,NA,NA,2.1,5,2,2,3,3.9,0.0496323529411765,544,1,-0.0225777341465797,0.757484359408026,-0.0225777341465811,0.534171894595135,0.903774351056318,1,0,0.414133159027867,0.00162734439039221,0.0219399065586774,0.682955400112404,0.00550284064827221,0.0364455807099294
"58",421884004682,"Ste","Semester 4 Control",0,5,3.66666666666667,3.91666666666667,0,3.75,4,4,3.5,3.75,3.75,NA,NA,NA,NA,6,5,2,2,1,3.8,0.14461247637051,3174,1,0.83775276701785,0.757484359408026,0.83775276701785,0.963247839514007,0.504303880870253,1,0,0.473058818818284,0.00160851208891965,0.0325569272220965,0.331021588970983,0.00285046360171946,0.0366065251918598
"59",421884001106,"Dev","Semester 5 Control",0,5,3.08333333333333,3.83333333333333,0,4,3.75,3.75,3.5,3,2.75,NA,NA,NA,2.9,2,4.41666666666667,2,2,1,4,20.588,418,1,-0.667825610019903,0.55496638444074,-0.667825610019905,0.963247839514007,1.30324482124238,1,0,0.473058818818284,0.0157416597688516,0.0325569272220965,0.331021588970983,0.0110753729463275,0.0366065251918598
"60",421776006346,"412","Semester 4",1,4.18181818181818,3.08333333333333,3.25,2,3.25,3.5,3,3.25,3.5,2.5,3.25,3.25,3.5,3.1,2.8,4.25,2,1,1,4,0.17671809256662,713,0,-0.667825610019903,-0.862659440330265,-0.667825610019905,-0.32397999524261,1.30324482124238,1,4.18181818181818,-0.288744648473962,0.000384020042137899,0.00340758199688505,-0.385466651707841,0.000212935142213144,0.00528541984554635
"61",421776006346,"490","Semester 5",1,3.54545454545455,3.41666666666667,3.66666666666667,1,3.25,4,3.75,3.25,4,3,3,3,3.5,1.2,1.5,4.91666666666667,2,2,1,3.1,0.17671809256662,713,0,0.192504891144527,0.149930434506167,0.192504891144526,-1.32515720005331,-2.2919894104322,1,3.54545454545455,-0.742479745806294,0.00701735416694544,0.0203947151470938,-0.794991566862981,0.00658485245074378,0.0209482203169471
"62",421776006345,"233","Semester 2",1,2.36363636363636,2.25,2.58333333333333,1,2.25,3,2.5,2,2,2.75,2.25,2,2.25,4.5,3.7,2.91666666666667,2,1,1,3.9,0.133738601823708,987,0,-2.81865186293098,-2.48280324006856,-2.81865186293098,-3.18448629470176,0.903774351056318,1,2.36363636363636,-1.58513064085205,0.0610249764495646,0.102955280214522,-1.55553783786538,0.0527489896444299,0.10313106437065
"63",421776006345,"234","Semester 2",1,4.18181818181818,2.33333333333333,3.5,3,3.75,3.5,3.25,2.25,2.75,2,2.75,1.75,2,1,2.3,4.83333333333333,2,1,1,3.5,0.133738601823708,987,0,-2.60356923763987,-0.255105515428406,-2.60356923763988,-0.32397999524261,-0.69410752968794,1,4.18181818181818,-0.288744648473962,0.0143194427622561,0.00340758199688505,-0.385466651707841,0.0131403658335211,0.00528541984554635
"64",421776006345,"235","Semester 2",1,4.18181818181818,3.08333333333333,3,2,3,3,3,2.75,3.5,3,3.5,2.25,2.5,2,2.3,5,1,2,1,3.6,0.133738601823708,987,0,-0.667825610019903,-1.47021336523212,-0.667825610019905,-0.32397999524261,-0.294637059501875,1,4.18181818181818,-0.288744648473962,0.000384020042137899,0.00340758199688505,-0.385466651707841,0.000212935142213144,0.00528541984554635
"65",421776006345,"330","Semester 3",1,4.63636363636364,3.33333333333333,3.33333333333333,5,3.25,3.5,3.25,3.25,3.5,3.25,2.75,2.25,2.5,2.1,1.4,4.83333333333333,2,2,1,3.9,0.133738601823708,987,1,-0.0225777341465797,-0.660141465362978,-0.0225777341465811,0.391146579622178,0.903774351056318,1,4.63636363636364,0.0353518496205608,8.59876421522391e-06,0.00304615363198706,-0.0929488551684544,1.45603905368692e-05,0.0063503481543605
"66",421776000459,"237","Semester 2",1,4.54545454545455,3,3.16666666666667,1,3.5,3,3,3.25,3,2.75,3,3,3,2.9,2.2,3.83333333333333,2,1,1,3.71,0.136,500,0,-0.882908235311011,-1.06517741529755,-0.882908235311013,0.248121264649221,0.144780457702796,1,4.54545454545455,-0.0294674499983437,0.0017086950209661,0.0023336234269023,-0.151452414476332,0.00143370250288289,0.00532051963051479
"67",421776000459,"236","Semester 2",1,3.90909090909091,3.41666666666667,3.5,2,4,3.25,3.25,3.25,4,3,3,3,2.75,1.8,2.2,4.66666666666667,2,1,1,3.6,0.136,500,0,0.192504891144527,-0.255105515428406,0.192504891144526,-0.753055940161482,-0.294637059501875,1,3.90909090909091,-0.483202547330676,0.00191192799038191,0.00833333428421001,-0.560977329631472,0.00213248336610934,0.00954752003275516
"68",421776000459,"238","Semester 2",1,3.72727272727273,2.91666666666667,3.08333333333333,2,3.25,3,3,3,2.25,3.5,3,3,3.75,2,2,3.91666666666667,2,2,2,3.5,0.136,500,0,-1.09799086060212,-1.26769539026484,-1.09799086060212,-1.0391065701074,-0.69410752968794,1,3.72727272727273,-0.612841146568485,0.00137327583544439,0.0135792088375876,-0.476401171965325,0.00223436691751577,0.0173159307824841
"69",421776000459,"405","Semester 4",1,4.18181818181818,3.25,3.41666666666667,4,3.25,3.25,3.75,3.5,3.75,2.5,2.5,3,3.25,1,1.8,5,1,1,2,3.7,0.136,500,1,-0.237660359437688,-0.457623490395693,-0.237660359437689,-0.32397999524261,0.10483341068419,1,4.18181818181818,-0.288744648473962,6.9737223227848e-06,0.00340758199688505,-0.18388337542594,7.96452428678443e-06,0.00561476211026424
"70",421776000459,"504","Semester 5",1,4.45454545454545,3.33333333333333,3.33333333333333,2,3.25,3,3.75,3.25,3.25,3.5,2.75,2.5,3.25,1.8,1.3,4.25,2,1,1,3.6,0.136,500,0,-0.0225777341465797,-0.660141465362978,-0.0225777341465811,0.105095949676262,-0.294637059501875,1,4.45454545454545,-0.0942867496172488,1.15644046040112e-05,0.00201350116084971,-0.209955973784209,8.85830395526249e-05,0.00469911253771051
"71",421776000459,"498","Semester 5",1,3.81818181818182,3.58333333333333,3.58333333333333,3,3.5,3.5,3.75,3.5,3.5,3.75,2.5,2,2.75,2.6,1.9,3,2,1,1,3.7,0.136,500,0,0.622670141726743,-0.0525875404611189,0.622670141726743,-0.896081255134439,0.10483341068419,1,3.81818181818182,-0.54802184694958,0.00677733091201785,0.0107600675913827,-0.619480888939349,0.00668616709053405,0.011785062957241
"72",421689006078,"581","Semester 5",1,4.36363636363636,3.16666666666667,4,2,4,4,4,3.25,3.5,2.75,3,3,3.5,1.8,2.4,4.5,2,1,2,3.7,0.43921568627451,255,0,-0.452742984728796,0.960002334375313,-0.452742984728798,-0.0379293652966953,0.10483341068419,1,4.36363636363636,-0.159106049236153,0.000195796542076472,0.00208578683382931,-0.0668762568101854,0.000341743497908586,0.00379324465866639
"73",421689005260,"376","Semester 3",1,4.72727272727273,3.33333333333333,3.91666666666667,5,4,4,3.75,3.25,3,3.75,3.75,3,3.75,1,1.3,5,2,2,1,3.9,0.539499036608863,519,1,-0.0225777341465797,0.757484359408026,-0.0225777341465811,0.534171894595135,0.903774351056318,1,4.72727272727273,0.100171149239465,4.36817870277646e-05,0.00415109177610401,-0.0344452958605773,4.65609574895919e-07,0.00778859810924766
"74",421689003413,"377","Semester 3",1,5,3.25,3.75,2,4,3.25,4,3.75,3,3,4,4,4,1,1,4.91666666666667,2,2,2,3.7,0.370860927152318,302,0,-0.237660359437688,0.352448409473454,-0.237660359437689,0.963247839514007,0.10483341068419,1,5,0.294629048096179,0.00131773117636229,0.00982035384264793,0.342648658344955,0.00132863069042423,0.0102832086558793
"75",421524001785,"214","Semester 2",1,5,3.16666666666667,3.5,2,3.75,3.25,3.5,3.25,3.5,2.75,3,3,3,1.5,1.2,5,1,3,3,3.7,0.429090909090909,550,0,-0.452742984728796,-0.255105515428406,-0.452742984728798,0.963247839514007,0.10483341068419,1,5,0.294629048096179,0.00259779488754818,0.00982035384264793,0.544231934626856,0.00708121811005011,0.0223260170844683
"76",421524000703,"374","Semester 3",1,5,3.5,3,4,3,3,3,3.25,3.75,3.5,3.25,3.75,4,2,1,3.91666666666667,2,2,1,3.73,0.532150776053215,451,1,0.407587516435635,-1.47021336523212,0.407587516435634,0.963247839514007,0.224674551740009,1,5,0.294629048096179,5.93428996402674e-05,0.00982035384264793,0.141065382063054,0.000359076514615325,0.0145538765601578
"77",421524000703,"375","Semester 3",1,5,3.66666666666667,4,5,4,4,4,3.75,4,3.25,3,4,4,2,1.9,4.33333333333333,2,2,1,3.44,0.532150776053215,451,1,0.83775276701785,0.960002334375313,0.83775276701785,0.963247839514007,-0.933789811799579,1,5,0.294629048096179,0.00137191976252195,0.00982035384264793,0.141065382063054,0.00245355800385508,0.0145538765601578
"78",421524000703,"570","Semester 5",1,4.27272727272727,3.66666666666667,4,6,4,4,4,3.75,3.75,3.5,3.25,3.25,3.75,1,1,4.83333333333333,2,2,2,3.4,0.532150776053215,451,1,0.83775276701785,0.960002334375313,0.83775276701785,-0.180954680269653,-1.09357799987401,1,4.27272727272727,-0.223925348855058,0.00271841317347173,0.00255048044584109,-0.125379816118063,0.0022938192007723,0.0044997926689446
"79",421524000703,"577","Semester 5",1,5,4,4,7,4,4,4,4,4,4,3.5,3.25,3.5,1,1,4.83333333333333,2,2,4,3.91,0.532150776053215,451,1,1.69808326818228,0.960002334375313,1.69808326818228,0.963247839514007,0.943721398074926,1,5,0.294629048096179,0.00916067920195661,0.00982035384264793,0.745815210908757,0.0138332149776138,0.0506823018459247
"80",421521007441,"Jes","Semester 3 Control",0,5,3.66666666666667,3.66666666666667,0,3.75,3.25,4,3.75,3.5,3.75,NA,NA,NA,1,1,5,2,4,2,3.7,0.521052631578947,380,1,0.83775276701785,0.149930434506167,0.83775276701785,0.963247839514007,0.10483341068419,1,0,0.473058818818284,0.00160851208891965,0.0325569272220965,0.532604865252884,0.000945176490747471,0.0332686541315854
"81",421503006867,"232","Semester 2",1,4.63636363636364,3.33333333333333,3.83333333333333,4,3.75,4,3.75,3.25,3.25,3.5,3,3.25,3,2.2,2.7,4.58333333333333,2,1,2,3.8,0.32463768115942,345,1,-0.0225777341465797,0.55496638444074,-0.0225777341465811,0.391146579622178,0.504303880870253,1,4.63636363636364,0.0353518496205608,8.59876421522391e-06,0.00304615363198706,0.108634421113447,4.09466260523448e-05,0.00412412921408043
"82",421503006867,"231","Semester 2",1,4.54545454545455,3,3.41666666666667,3,3.5,3.25,3.5,2.75,2.75,3.5,3,3.25,3,1.5,2.4,4.5,2,1,1,3.65,0.32463768115942,345,0,-0.882908235311011,-0.457623490395693,-0.882908235311013,0.248121264649221,-0.0949018244088436,1,4.54545454545455,-0.0294674499983437,0.0017086950209661,0.0023336234269023,-0.151452414476332,0.00143370250288289,0.00532051963051479
"83",421503006867,"493","Semester 5",1,5,3.75,3.75,2,4,3.5,3.75,3.25,4,4,2.75,3.25,2.5,1,1,5,2,1,1,3.4,0.32463768115942,345,0,1.05283539230896,0.352448409473454,1.05283539230896,0.963247839514007,-1.09357799987401,1,5,0.294629048096179,0.00267365890817171,0.00982035384264793,0.141065382063054,0.00420233860292515,0.0145538765601578
"84",421503006867,"509","Semester 5",1,5,3.75,4,5,4,4,4,3.75,4,3.5,2.75,2.25,2,2.1,1.3,5,2,1,2,3.8,0.32463768115942,345,1,1.05283539230896,0.960002334375313,1.05283539230896,0.963247839514007,0.504303880870253,1,5,0.294629048096179,0.00267365890817171,0.00982035384264793,0.342648658344955,0.00198989771119097,0.0102832086558793
"85",421503005021,"332","Semester 3",1,4.27272727272727,3.08333333333333,3.41666666666667,6,3.5,3.5,3.25,3,3,3.25,3,2.75,3.25,1.6,2.3,4.5,2,1,2,3.4,0.323144104803493,229,1,-0.667825610019903,-0.457623490395693,-0.667825610019905,-0.180954680269653,-1.09357799987401,1,4.27272727272727,-0.223925348855058,0.000475226375441864,0.00255048044584109,-0.125379816118063,0.000727611785502448,0.0044997926689446
"86",421503005021,"331","Semester 3",1,3.90909090909091,2.66666666666667,3.41666666666667,4,3.5,3,3.75,3.25,2.75,2,3,3,3.5,2.6,2.9,4.25,2,2,1,3.9,0.323144104803493,229,1,-1.74323873647544,-0.457623490395693,-1.74323873647544,-0.753055940161482,0.903774351056318,1,3.90909090909091,-0.483202547330676,0.00664844635170955,0.00833333428421001,-0.560977329631472,0.00525008892957532,0.00954752003275516
"87",421503005021,"494","Semester 5",1,4.27272727272727,3.08333333333333,2,2,2,2,2,3.25,3,3,2.75,2.75,2.75,3.5,2.3,2.66666666666667,2,2,1,3.4,0.323144104803493,229,0,-0.667825610019903,-3.90042906483956,-0.667825610019905,-0.180954680269653,-1.09357799987401,1,4.27272727272727,-0.223925348855058,0.000475226375441864,0.00255048044584109,-0.326963092399963,0.000292623524651036,0.0046815626452263
"88",421503001711,"404","Semester 4",1,3.90909090909091,3.5,3.75,3,3.5,4,3.75,3.25,3.5,3.75,3,3.25,3.5,2.3,2.3,4.58333333333333,2,1,1,3.9,0.226495726495726,234,0,0.407587516435635,0.352448409473454,0.407587516435634,-0.753055940161482,0.903774351056318,1,3.90909090909091,-0.483202547330676,0.00332280503402458,0.00833333428421001,-0.560977329631472,0.00352368468334277,0.00954752003275516
"89",421503001711,"403","Semester 4",1,4.63636363636364,3.41666666666667,3.66666666666667,2,3.75,4,3.25,3.5,3.75,3,3,3.5,2.75,1,1.7,4.58333333333333,2,1,1,3.46,0.226495726495726,234,0,0.192504891144527,0.149930434506167,0.192504891144526,0.391146579622178,-0.853895717762366,1,4.63636363636364,0.0353518496205608,6.32820887974111e-05,0.00304615363198706,-0.0929488551684544,0.000239582768439387,0.0063503481543605
"90",421503000862,"516","Semester 5",1,2.54545454545455,3.08333333333333,3.66666666666667,2,3.5,3.75,3.75,3,3.5,2.75,3.25,3.75,3.5,3.4,3.6,2.83333333333333,2,2,1,3.9,0.412935323383085,402,0,-0.667825610019903,0.149930434506167,-0.667825610019905,-2.89843566475584,0.903774351056318,1,2.54545454545455,-1.45549204161424,0.0202006576693098,0.0859371674901793,-1.43853071924963,0.0159230714592736,0.0859949141593938
"91",421455002618,"set","Semester 3 Control",0,3.81818181818182,3.66666666666667,3.41666666666667,0,3,3.5,3.75,3.75,3.75,3.5,NA,NA,NA,1.6,1,1.33333333333333,1,4,1,3.7,0.248087431693989,915,1,0.83775276701785,-0.457623490395693,0.83775276701785,-0.896081255134439,0.10483341068419,1,0,0.217714293059808,0.0033532317633,0.0225162920452905,0.109013042807333,0.00415332710694613,0.0248880840529151
"92",421410001797,"580","Semester 5",1,4.90909090909091,4,4,4,4,4,4,4,4,4,3.75,3.75,4,2,2,4.25,2,4,4,3.98,0.0849315068493151,365,1,1.69808326818228,0.960002334375313,1.69808326818228,0.82022252454105,1.22335072720517,1,4.90909090909091,0.229809748477274,0.00849583361700025,0.00753819188143445,0.68731165160088,0.0152352563473962,0.049552124320912
"93",421410001776,"Chr","Semester 3 Control",0,3.09090909090909,3.41666666666667,2.83333333333333,0,3,2.75,2.75,3.5,3,3.75,NA,NA,NA,2.8,3.3,4.08333333333333,1,4,1,3.3,0.125964010282776,1167,1,0.192504891144527,-1.8752493151667,0.192504891144526,-2.0402837749181,-1.49304847006007,1,0,0.0605792002853608,0.000402679728584193,0.0628171652693,-0.0276076009856817,0.000946445436686769,0.0643782076824564
"94",421410001776,"441","Semester 4",1,5,3.58333333333333,4,5,4,4,4,4,3.5,3.25,4,4,3.75,1,1.6,4.58333333333333,2,2,2,3.49,0.125964010282776,1167,1,0.622670141726743,0.960002334375313,0.622670141726743,0.963247839514007,-0.734054576706546,1,5,0.294629048096179,0.000500481093011475,0.00982035384264793,0.342648658344955,0.000309362981870022,0.0102832086558793
"95",421410001776,"513","Semester 5",1,4.81818181818182,3.41666666666667,3.75,3,4,3.75,3.5,4,3.5,2.75,3,3.25,3.5,1.1,2,4.91666666666667,2,2,3,3.88,0.125964010282776,1167,0,0.192504891144527,0.352448409473454,0.192504891144526,0.677197209568092,0.823880257019105,1,4.81818181818182,0.16499044885837,2.54207684257824e-06,0.00564843785925314,0.427224816011102,0.000349922397058762,0.0194518589834852
"96",421410001776,"506","Semester 5",1,4.36363636363636,3,3,2,3,3,3,3.25,3,2.75,2.75,2.5,2.75,2,2.4,4,2,2,1,3.6,0.125964010282776,1167,0,-0.882908235311011,-1.47021336523212,-0.882908235311013,-0.0379293652966953,-0.294637059501875,1,4.36363636363636,-0.159106049236153,0.00118966156967088,0.00208578683382931,-0.268459533092086,0.000932296090884818,0.00448612687594769
"97",421410001776,"566","Semester 5",1,5,2.75,3.75,1,3.5,3.75,4,3.5,2.25,2.5,3.25,3.25,3.75,1,2.2,5,2,2,2,3.9,0.125964010282776,1167,0,-1.52815611118433,0.352448409473454,-1.52815611118434,0.963247839514007,0.903774351056318,1,5,0.294629048096179,0.0154526205855667,0.00982035384264793,0.342648658344955,0.0138083751712458,0.0102832086558793
"98",421410001752,"372","Semester 3",1,4.81818181818182,3.33333333333333,3.66666666666667,0,3.5,4,3.5,3.25,3.5,3.25,3.5,3,3.75,1.2,1.5,5,2,2,1,3.2,0.234741784037559,426,0,-0.0225777341465797,0.149930434506167,-0.0225777341465811,0.677197209568092,-1.89251894024613,1,4.81818181818182,0.16499044885837,0.000118136904996708,0.00564843785925314,0.0240582634472998,8.21827442816177e-06,0.00963526949517625
"99",421410001752,"369","Semester 3",1,5,3.91666666666667,4,4,4,4,4,3.75,4,4,4,4,4,2,2,5,2,2,3,4,0.234741784037559,426,1,1.48300064289117,0.960002334375313,1.48300064289117,0.963247839514007,1.30324482124238,1,5,0.294629048096179,0.00656803862788903,0.00982035384264793,0.544231934626856,0.00627851180620441,0.0223260170844683
"100",421410001752,"370","Semester 3",1,4.81818181818182,3.5,3.75,4,3.75,3.5,4,3,4,3.5,3,2.5,3,2,2.5,4.91666666666667,2,1,2,3.3,0.234741784037559,426,1,0.407587516435635,0.352448409473454,0.407587516435634,0.677197209568092,-1.49304847006007,1,4.81818181818182,0.16499044885837,0.000197623387812831,0.00564843785925314,0.225641539729201,9.76411918556269e-05,0.00638682607289699
"101",421410001752,"569","Semester 5",1,4.63636363636364,3.41666666666667,3.75,3,3.5,4,3.75,3.5,3.25,3.5,3,3.25,3.75,1.2,1.7,4.91666666666667,2,2,1,3.37,0.234741784037559,426,0,0.192504891144527,0.352448409473454,0.192504891144526,0.391146579622178,-1.21341914092982,1,4.63636363636364,0.0353518496205608,6.32820887974111e-05,0.00304615363198706,-0.0929488551684544,0.000239582768439387,0.0063503481543605
"102",421410000122,"213","Semester 2",1,5,3.66666666666667,3.66666666666667,1,4,4,3,4,4,3,3,3,3,1.3,1.1,4.75,1,2,3,3.4,0.188925081433225,921,0,0.83775276701785,0.149930434506167,0.83775276701785,0.963247839514007,-1.09357799987401,1,5,0.294629048096179,0.00137191976252195,0.00982035384264793,0.544231934626856,0.000613786548075795,0.0223260170844683
"103",421410000122,"371","Semester 3",1,5,3.5,3.66666666666667,4,3.75,4,3.25,3.25,4,3.25,3.5,4,3.25,1,2,4.75,2,2,1,3.7,0.188925081433225,921,1,0.407587516435635,0.149930434506167,0.407587516435634,0.963247839514007,0.10483341068419,1,5,0.294629048096179,5.93428996402674e-05,0.00982035384264793,0.141065382063054,0.000359076514615325,0.0145538765601578
"104",421410000122,"373","Semester 3",1,4.81818181818182,3.66666666666667,3.5,4,4,3,3.5,3.75,3.75,3.5,3.5,3.25,3.5,1,1.3,5,2,2,2,3.5,0.188925081433225,921,1,0.83775276701785,-0.255105515428406,0.83775276701785,0.677197209568092,-0.69410752968794,1,4.81818181818182,0.16499044885837,0.00151981442712648,0.00564843785925314,0.225641539729201,0.00110511850051995,0.00638682607289699
"105",421410000122,"442","Semester 4",1,4.36363636363636,3.25,3.91666666666667,3,4,4,3.75,3.25,3,3.5,3,2.75,2.5,2,2.2,4.58333333333333,2,2,1,3.32,0.188925081433225,921,0,-0.237660359437688,0.757484359408026,-0.237660359437689,-0.0379293652966953,-1.41315437602286,1,4.36363636363636,-0.159106049236153,1.40127602112989e-05,0.00208578683382931,-0.268459533092086,2.34239822144041e-06,0.00448612687594769
"106",421410000122,"And","Semester 5",1,4.09090909090909,3.25,3.33333333333333,2,3.25,3.75,3,3.25,3.75,2.75,2.75,2.75,3.25,1.8,2.4,4,2,2,2,3.65,0.188925081433225,921,0,-0.237660359437688,-0.660141465362978,-0.237660359437689,-0.467005310215567,-0.0949018244088436,1,4.09090909090909,-0.353563948092867,4.10242169477741e-05,0.00465709148696119,-0.242386934733817,7.01561651386603e-08,0.00713815298262533
"107",421410000122,"586","Semester 5",1,5,3.66666666666667,4,2,4,4,4,3.5,3.75,3.75,3.25,3.25,3.75,1,1,5,2,2,1,3.8,0.188925081433225,921,0,0.83775276701785,0.960002334375313,0.83775276701785,0.963247839514007,0.504303880870253,1,5,0.294629048096179,0.00137191976252195,0.00982035384264793,0.141065382063054,0.00245355800385508,0.0145538765601578
"108",421158007501,"402","Semester 4",1,4.81818181818182,2.66666666666667,3.25,2,3.5,3,3.25,2.75,3,2.25,3.25,3.5,2.75,2.6,3.6,4.83333333333333,2,1,1,3.8,99.613,743,0,-1.74323873647544,-0.862659440330265,-1.74323873647544,0.677197209568092,0.504303880870253,1,4.81818181818182,0.16499044885837,0.0122272365387075,0.00564843785925314,0.0240582634472998,0.0118020425836952,0.00963526949517625
"109",421158007488,"400","Semester 4",1,4.36363636363636,2.91666666666667,3.5,4,3.75,3.75,3,2.75,3.25,2.75,3.75,3.75,2.75,2,2.3,5,2,2,3,3.4,99.259,386,1,-1.09799086060212,-0.255105515428406,-1.09799086060212,-0.0379293652966953,-1.09357799987401,1,4.36363636363636,-0.159106049236153,0.00200174281540011,0.00208578683382931,0.134707019471716,0.00963584170247419,0.0194138387742525
"110",421158007488,"401","Semester 4",1,4.45454545454545,3.16666666666667,3.91666666666667,5,4,3.75,4,3.25,3.25,3,3,3.25,3.75,1,1.6,5,2,1,2,3.7,99.259,386,1,-0.452742984728796,0.757484359408026,-0.452742984728798,0.105095949676262,0.10483341068419,1,4.45454545454545,-0.0942867496172488,0.00028896685830962,0.00201350116084971,-0.00837269750230828,0.000438462216806309,0.00349511807942963
"111",421158007488,"492","Semester 5",1,4.18181818181818,2.83333333333333,3.25,3,3.5,3,3.25,3.25,2.5,2.75,2.75,3,2.5,3.8,3,4.08333333333333,2,1,1,3.8,99.259,386,0,-1.31307348589323,-0.862659440330265,-1.31307348589323,-0.32397999524261,0.504303880870253,1,4.18181818181818,-0.288744648473962,0.00280394017048938,0.00340758199688505,-0.385466651707841,0.00229811670364269,0.00528541984554635
"112",421158007488,"263","Semester 2",1,3.45454545454545,2.91666666666667,2.91666666666667,0,2.75,3,3,3,3,2.75,2.5,2.25,3,2,2.7,4.16666666666667,2,1,1,3.7,99.259,386,0,-1.09799086060212,-1.67273134019941,-1.09799086060212,-1.46818251502627,0.10483341068419,1,3.45454545454545,-0.807299045425199,0.000789361103595665,0.0243910802103953,-0.853495126170858,0.000466392037465949,0.0248194489655987
"113",421158007488,"228","Semester 2",1,4,3,2.83333333333333,3,3,3,2.5,3,3,3,3,2.5,2.75,2.3,2.3,3.5,2,2,1,3.7,99.259,386,0,-0.882908235311011,-1.8752493151667,-0.882908235311013,-0.610030625188524,0.10483341068419,1,4,-0.418383247711771,0.000767777330367607,0.00629900891606951,-0.502473770323595,0.00047588366816609,0.00771839853931078
"114",421158007488,"230","Semester 2",1,4.63636363636364,3.5,3.58333333333333,5,3.25,3.75,3.75,3.5,3.25,3.75,3,3,3,2.1,2,4.75,2,1,2,3.6,99.259,386,1,0.407587516435635,-0.0525875404611189,0.407587516435634,0.391146579622178,-0.294637059501875,1,4.63636363636364,0.0353518496205608,0.000355035019230409,0.00304615363198706,0.108634421113447,0.000212557333247405,0.00412412921408043
"115",421158007488,"227","Semester 2",1,3.63636363636364,2.5,2.75,4,3.25,2.5,2.5,3,2,2.5,2.5,2.75,1.75,3.2,3.1,4.75,2,1,1,3.8,99.259,386,1,-2.17340398705766,-2.07776729013398,-2.17340398705766,-1.18213188508035,0.504303880870253,1,3.63636363636364,-0.67766044618739,0.0153480088254025,0.0167907580228246,-0.736488007555103,0.0120329175286864,0.0174854130993369
"116",421158007488,"321","Semester 3",1,4,3.25,2.41666666666667,7,2,2.75,2.5,3.5,3.5,2.75,3.25,2.25,3,2.4,1.9,3.33333333333333,2,1,1,3.6,99.259,386,1,-0.237660359437688,-2.88783919000313,-0.237660359437689,-0.610030625188524,-0.294637059501875,1,4,-0.418383247711771,0.000116209984050426,0.00629900891606951,-0.502473770323595,0.000230579685287186,0.00771839853931078
"117",421158007488,"322","Semester 3",1,3.72727272727273,3.08333333333333,3.58333333333333,1,3.5,3.25,4,3,3.25,3,3.25,3,2.75,2.1,2.5,4.41666666666667,2,2,1,3.9,99.259,386,0,-0.667825610019903,-0.0525875404611189,-0.667825610019905,-1.0391065701074,0.903774351056318,1,3.72727272727273,-0.612841146568485,1.76394971968142e-05,0.0135792088375876,-0.677984448247226,5.18363366124651e-07,0.0144310273127682
"118",421158007488,"320","Semester 3",1,4.54545454545455,3.5,3.33333333333333,4,3.75,3.25,3,3.5,3.25,3.75,3.5,3,3,2.9,2.9,4.41666666666667,2,1,1,3.86,99.259,386,1,0.407587516435635,-0.660141465362978,0.407587516435634,0.248121264649221,0.743986162981892,1,4.54545454545455,-0.0294674499983437,0.000448115417321545,0.0023336234269023,-0.151452414476332,0.000837468541045319,0.00532051963051479
"119",421158007488,"323","Semester 3",1,4,3.16666666666667,3.33333333333333,3,3.5,3.5,3,3,3.5,3,2.5,2.75,2.75,1.6,2.2,4.41666666666667,2,2,1,3.91,99.259,386,0,-0.452742984728796,-0.660141465362978,-0.452742984728798,-0.610030625188524,0.943721398074926,1,4,-0.418383247711771,4.20065279465734e-06,0.00629900891606951,-0.502473770323595,8.13189441909616e-06,0.00771839853931078
"120",421158007488,"283","Semester 3",1,4.09090909090909,3.5,3.66666666666667,3,4,3.5,3.5,3,4,3.5,2.75,3.5,3.5,2.2,2.8,3.66666666666667,2,1,4,3.5,99.259,386,0,0.407587516435635,0.149930434506167,0.407587516435634,-0.467005310215567,-0.69410752968794,1,4.09090909090909,-0.353563948092867,0.00176924798193291,0.00465709148696119,0.160779617829985,0.00106209967903479,0.0577594909926626
"121",420858001705,"Kay","Semester 2 Control",0,4.63636363636364,3.5,4,0,4,4,4,3,3.75,3.75,NA,NA,NA,4.4,3.8,NA,2,2,1,3.8,NA,552,1,0.407587516435635,0.960002334375313,0.407587516435634,0.391146579622178,0.504303880870253,1,0,0.394491272431061,1.3272178093911e-06,0.0195075598051687,0.262711267074475,0.000153325509437253,0.0229933927046748
"122",420759007266,"384","Semester 3",1,4.81818181818182,3.58333333333333,3.75,4,3.75,3.75,3.75,3.75,3.5,3.5,3,2.5,3,1.6,1.2,5,2,2,1,3.8,0.199637023593466,551,1,0.622670141726743,0.352448409473454,0.622670141726743,0.677197209568092,0.504303880870253,1,4.81818181818182,0.16499044885837,0.000703380837907468,0.00564843785925314,0.0240582634472998,0.00135403146777742,0.00963526949517625
"123",420759006678,"327","Semester 3",1,4.90909090909091,2.75,3.41666666666667,2,3.5,3.25,3.5,3.25,2.5,2.5,3,2.5,3,1.6,2.3,4.58333333333333,1,2,1,3.26,0.151943462897526,849,0,-1.52815611118433,-0.457623490395693,-1.52815611118434,0.82022252454105,-1.6528366581345,1,4.90909090909091,0.229809748477274,0.0121790366998477,0.00753819188143445,0.0825618227551769,0.0113134320145654,0.0118903623121463
"124",420759006678,"414","Semester 4",1,4.45454545454545,3.66666666666667,3.66666666666667,2,3.75,3.75,3.5,3.75,3.75,3.5,4,4,4,1.7,1.2,4.08333333333333,2,1,2,3.4,0.151943462897526,849,0,0.83775276701785,0.149930434506167,0.83775276701785,0.105095949676262,-1.09357799987401,1,4.45454545454545,-0.0942867496172488,0.00195363942146565,0.00201350116084971,-0.00837269750230828,0.00158968721685888,0.00349511807942963
"125",420759004801,"212","Semester 2",1,3.27272727272727,3.66666666666667,4,1,4,4,4,3.75,3.5,3.75,3.25,3,3.75,3,3.3,3.41666666666667,2,2,1,3.98,0.114186851211073,1156,0,0.83775276701785,0.960002334375313,0.83775276701785,-1.75423314497218,1.22335072720517,1,3.27272727272727,-0.936937644663008,0.0391762000452784,0.0335610341540946,-0.970502244786612,0.0336702642635172,0.0337871705560262
"126",420759004801,"325","Semester 3",1,4.63636363636364,2.91666666666667,3.58333333333333,3,3.75,3.5,3.5,3.5,2.75,2.5,2.75,2,2.25,1,2.2,5,1,1,1,3.8,0.114186851211073,1156,0,-1.09799086060212,-0.0525875404611189,-1.09799086060212,0.391146579622178,0.504303880870253,1,4.63636363636364,0.0353518496205608,0.00329122622906645,0.00304615363198706,-0.0929488551684544,0.00296997307068358,0.0063503481543605
"127",420759004801,"367","Semester 3",1,5,3.66666666666667,3.5,1,3.25,3.25,4,3.5,3.75,3.75,2.75,2.25,3,1.4,1,4.58333333333333,2,2,1,3.66,0.114186851211073,1156,0,0.83775276701785,-0.255105515428406,0.83775276701785,0.963247839514007,-0.0549547773902362,1,5,0.294629048096179,0.00137191976252195,0.00982035384264793,0.141065382063054,0.00245355800385508,0.0145538765601578
"128",420759004801,"326","Semester 3",1,4.45454545454545,2.83333333333333,3.5,3,3.75,3.5,3.25,3,2.75,2.75,3,2.75,3.25,1.6,2.1,4.75,2,1,1,3.8,0.114186851211073,1156,0,-1.31307348589323,-0.255105515428406,-1.31307348589323,0.105095949676262,0.504303880870253,1,4.45454545454545,-0.0942867496172488,0.00334065168999369,0.00201350116084971,-0.209955973784209,0.00307012336802629,0.00469911253771051
"129",420759004801,"366","Semester 3",1,3.27272727272727,2.83333333333333,3.41666666666667,1,3.75,3.5,3,3.5,2.5,2.5,3.25,3,2.5,3,2,1.75,1,2,1,3.8,0.114186851211073,1156,0,-1.31307348589323,-0.457623490395693,-1.31307348589323,-1.75423314497218,0.504303880870253,1,3.27272727272727,-0.936937644663008,0.00175981307363348,0.0335610341540946,-0.970502244786612,0.00120845079632742,0.0337871705560262
"130",420759004801,"Jam","Semester 3 Control",0,4.09090909090909,3.83333333333333,4,0,4,4,4,3.75,4,3.75,NA,NA,NA,1.7,2.3,3.83333333333333,2,4,1,3.3,0.114186851211073,1156,1,1.26791801760007,0.960002334375313,1.26791801760007,-0.467005310215567,-1.49304847006007,1,0,0.276639952850225,0.00665982324186619,0.0165334106942434,0.160245784229714,0.00772754941841608,0.019252791124875
"131",420759004801,"510","Semester 5",1,5,3,3.16666666666667,2,3.5,3.5,2.5,3.5,2.5,3,2.75,2.25,2.5,2.7,2.1,4.08333333333333,2,1,2,3.46,0.114186851211073,1156,0,-0.882908235311011,-1.06517741529755,-0.882908235311013,0.963247839514007,-0.853895717762366,1,5,0.294629048096179,0.00644882373833777,0.00982035384264793,0.342648658344955,0.00592587649313647,0.0102832086558793
"132",420759004801,"564","Semester 5",1,4.09090909090909,3.58333333333333,3.16666666666667,2,3.5,3,3,3.75,3.5,3.5,3.75,3,3.75,2,2,4.16666666666667,2,1,1,3.4,0.114186851211073,1156,0,0.622670141726743,-1.06517741529755,0.622670141726743,-0.467005310215567,-1.09357799987401,1,4.09090909090909,-0.353563948092867,0.00291041199935195,0.00465709148696119,-0.443970211015718,0.0033299987095176,0.00629769847690785
"133",420759001749,"368","Semester 3",1,4.36363636363636,3.25,3.66666666666667,5,4,3,4,3,2.75,4,3.25,3.25,4,1.5,1.9,4.75,2,2,1,3.9,0.205702647657841,491,1,-0.237660359437688,0.149930434506167,-0.237660359437689,-0.0379293652966953,0.903774351056318,1,4.36363636363636,-0.159106049236153,1.40127602112989e-05,0.00208578683382931,-0.268459533092086,2.34239822144041e-06,0.00448612687594769
"134",420759000667,"365","Semester 3",1,4.72727272727273,3.83333333333333,4,5,4,4,4,3.75,4,3.75,4,3.75,3.75,1.4,1.7,5,2,1,3,3.7,0.185819070904645,409,1,1.26791801760007,0.960002334375313,1.26791801760007,0.534171894595135,0.10483341068419,1,4.72727272727273,0.100171149239465,0.00395332682525535,0.00415109177610401,0.368721256703225,0.00495758033086535,0.0186274120795558
"135",420759000667,"364","Semester 3",1,4.90909090909091,3.58333333333333,3.66666666666667,2,3.75,3.5,3.75,3.25,4,3.5,3,2.75,3.5,2.9,2.4,4.33333333333333,2,2,1,3.77,0.185819070904645,409,0,0.622670141726743,0.149930434506167,0.622670141726743,0.82022252454105,0.384462739814435,1,4.90909090909091,0.229809748477274,0.000608231012097778,0.00753819188143445,0.0825618227551769,0.0012720878835198,0.0118903623121463
"136",420759000667,"585","Semester 5",1,4.90909090909091,3.16666666666667,3.58333333333333,3,3.5,3.75,3.5,3,3.25,3.25,3.25,3.5,4,1.3,2.1,5,2,1,2,3.6,0.185819070904645,409,0,-0.452742984728796,-0.0525875404611189,-0.452742984728798,0.82022252454105,-0.294637059501875,1,4.90909090909091,0.229809748477274,0.00183596537304694,0.00753819188143445,0.284145099037078,0.00184257554410663,0.00813080664886743
"137",420759000667,"579","Semester 5",1,5,3.5,4,1,4,4,4,3.25,3.25,4,3.25,3.75,4,1,1,4.66666666666667,2,1,1,3.5,0.185819070904645,409,0,0.407587516435635,0.960002334375313,0.407587516435634,0.963247839514007,-0.69410752968794,1,5,0.294629048096179,5.93428996402674e-05,0.00982035384264793,0.141065382063054,0.000359076514615325,0.0145538765601578
"138",420711004849,"Ali","Semester 4 Control",0,4.63636363636364,2.91666666666667,3.33333333333333,0,3.25,3.25,3.5,3.25,2.75,2.75,NA,NA,NA,2,2.4,4.66666666666667,2,1,1,3.6,0.109467455621302,1014,1,-1.09799086060212,-0.660141465362978,-1.09799086060212,0.391146579622178,-0.294637059501875,1,0,0.394491272431061,0.0172372097359176,0.0195075598051687,0.262711267074475,0.0135252766083559,0.0229933927046748
"139",420711001699,"Car","Semester 3 Control",0,4.27272727272727,3.41666666666667,3.41666666666667,0,3.5,3.5,3.25,3,4,3.25,NA,NA,NA,2.3,1.9,4.83333333333333,2,1,3,3.9,0.154308617234469,499,1,0.192504891144527,-0.457623490395693,0.192504891144526,-0.180954680269653,0.903774351056318,1,0,0.315923726043837,9.72746800142449e-05,0.015311473462623,0.59756749774177,0.00157145068301134,0.0312338476534996
"140",420655006267,"Kat","Semester 4 Control",0,3.81818181818182,3.25,3.91666666666667,0,4,4,3.75,3.5,3,3.25,NA,NA,NA,2,2.1,5,2,1,1,3.8,0.446982055464927,613,1,-0.237660359437688,0.757484359408026,-0.237660359437689,-0.896081255134439,0.504303880870253,1,0,0.217714293059808,0.00180868942591957,0.0225162920452905,0.109013042807333,0.000939923036841963,0.0248880840529151
"141",420540006783,"Sar","Semester 5 Control",0,3.81818181818182,3.16666666666667,3.58333333333333,0,4,3.5,3.25,3.5,3,3,NA,NA,NA,2.6,2.1,3.16666666666667,2,1,1,3.2,22.397,NA,1,-0.452742984728796,-0.0525875404611189,-0.452742984728798,-0.896081255134439,-1.89251894024613,1,0,0.217714293059808,0.00392074423635436,0.0225162920452905,0.109013042807333,0.00246800895242014,0.0248880840529151
"142",420540001811,"Aly","Semester 5 Control",0,3.90909090909091,3.66666666666667,4,0,4,4,4,3.75,3.5,3.75,NA,NA,NA,1.5,2.4,4.66666666666667,2,2,1,3.5,0.561200923787529,433,1,0.83775276701785,0.960002334375313,0.83775276701785,-0.753055940161482,-0.69410752968794,1,0,0.237356179656614,0.00284356472890078,0.0199686681944593,0.12609062328146,0.00362566378471438,0.0224536831718691
"143",420540001781,"Kri","Semester 2 Control",0,5,3.83333333333333,3.58333333333333,0,3.5,3.5,3.75,4,4,3.5,NA,NA,NA,1.9,1.9,NA,2,1,1,3.7,0.322992700729927,548,1,1.26791801760007,-0.0525875404611189,1.26791801760007,0.963247839514007,0.10483341068419,1,0,0.473058818818284,0.00764095470552128,0.0325569272220965,0.331021588970983,0.00974413773368885,0.0366065251918598
"144",420540001778,"Emi","Semester 3 Control",0,3,3.08333333333333,3,0,2.75,3,3.25,3.25,3,3,NA,NA,NA,2.6,3.6,3.75,2,1,2,3.6,0.193700787401575,635,1,-0.667825610019903,-1.47021336523212,-0.667825610019905,-2.18330908989106,-0.294637059501875,1,0,0.040937313688555,0.0131138306968508,0.0703447597244712,0.156898094822092,0.0152162470510444,0.0730439269203799
"145",420540001778,"Sam","Semester 5 Control",0,4.36363636363636,3.83333333333333,4,0,4,4,4,4,4,3.5,NA,NA,NA,3.7,2.1,1.41666666666667,2,1,1,3.9,0.193700787401575,635,1,1.26791801760007,0.960002334375313,1.26791801760007,-0.0379293652966953,0.903774351056318,1,0,0.335565612640643,0.00561219563674159,0.0155304999475361,0.211478525652095,0.00684120835943158,0.0186212273421282
"146",420519007451,"Kad","Semester 4 Control",0,4.63636363636364,3.75,4,0,4,4,4,3.25,4,4,NA,NA,NA,NA,2.1,5,2,2,3,3.8,0.178045515394913,747,1,1.05283539230896,0.960002334375313,1.05283539230896,0.391146579622178,0.504303880870253,1,0,0.394491272431061,0.00335393472753564,0.0195075598051687,0.665877819638277,0.00156330464438056,0.0342912942885783
"147",420519007388,"Rob","Semester 4 Control",0,4.72727272727273,3.41666666666667,3.58333333333333,0,3.5,3.5,3.75,3.5,3.5,3.25,NA,NA,NA,2.2,2.1,4.58333333333333,1,4,1,4,0.418439716312057,846,1,0.192504891144527,-0.0525875404611189,0.192504891144526,0.534171894595135,1.30324482124238,1,0,0.414133159027867,0.000419123223703665,0.0219399065586774,0.279788847548602,6.09892278314117e-05,0.0255627209689221
"148",420519001040,"Reb","Semester 3 Control",0,2.90909090909091,3.25,3.5,0,4,3,3.5,3.75,3,3,NA,NA,NA,1.9,3,4.66666666666667,2,1,1,3.7,0.28555738605162,1821,1,-0.237660359437688,-0.255105515428406,-0.237660359437689,-2.32633440486401,0.10483341068419,1,0,0.0212954270917491,0.00197134706953711,0.0784256842467912,-0.0617627619339354,0.000762941203691371,0.0798104376401676
"149",420519001040,"Meg","Semester 4 Control",0,4.18181818181818,3,3.83333333333333,0,4,3.5,4,3,3,3,NA,NA,NA,1.1,2,4.75,2,2,1,4,0.28555738605162,1821,1,-0.882908235311011,0.55496638444074,-0.882908235311013,-0.32397999524261,1.30324482124238,1,0,0.296281839447031,0.00902846222463437,0.0156457770448588,0.177323364703841,0.00685001206749728,0.0184862999589268
"150",420501001694,"239","Semester 2",1,4.18181818181818,2.33333333333333,3.08333333333333,2,3.5,3.25,2.5,2.5,2.25,2.25,2.5,2.25,3,2.6,3.2,4.41666666666667,1,1,2,3.57,0.248816768086545,1479,0,-2.60356923763987,-1.26769539026484,-2.60356923763988,-0.32397999524261,-0.414478200557696,1,4.18181818181818,-0.288744648473962,0.0143194427622561,0.00340758199688505,-0.18388337542594,0.016124450785234,0.00561476211026424
"151",420501001694,"318","Semester 3",1,4.63636363636364,2.75,4,2,4,4,4,3.75,2.5,2,3,3.25,3.25,1,1,4.66666666666667,2,1,2,3.4,0.248816768086545,1479,0,-1.52815611118433,0.960002334375313,-1.52815611118434,0.391146579622178,-1.09357799987401,1,4.63636363636364,0.0353518496205608,0.00626376445596261,0.00304615363198706,0.108634421113447,0.00637171280619556,0.00412412921408043
"152",420501001694,"335","Semester 3",1,2.81818181818182,2.91666666666667,3,2,3,3,3,3,2.75,3,3,3,3,2,3.2,3.16666666666667,1,1,2,3.5,0.248816768086545,1479,0,-1.09799086060212,-1.47021336523212,-1.09799086060212,-2.46935971983697,-0.69410752968794,1,2.81818181818182,-1.26103414275753,0.000620581402421761,0.0633530579464062,-1.0614367650441,2.91407572552495e-05,0.0713498754550319
"153",420501001694,"Jes","Semester 3 Control",0,3.72727272727273,3.16666666666667,3.33333333333333,0,3.5,3.5,3,3.25,3.25,3,NA,NA,NA,3.1,3.3,3.08333333333333,2,1,2,3.4,0.248816768086545,1479,1,-0.452742984728796,-0.660141465362978,-0.452742984728798,-1.0391065701074,-1.09357799987401,1,0,0.198072406463002,0.00412923536172885,0.0256172459632707,0.293518738615107,0.00474676960629055,0.0274458766789929
"154",420501001694,"517","Semester 5",1,5,3.16666666666667,3.41666666666667,2,3.75,3.25,3.25,3.25,3.25,3,2.75,2.75,2.75,1.2,2,4.58333333333333,2,2,2,3.9,0.248816768086545,1479,0,-0.452742984728796,-0.457623490395693,-0.452742984728798,0.963247839514007,0.903774351056318,1,5,0.294629048096179,0.00259779488754818,0.00982035384264793,0.342648658344955,0.00249601786072863,0.0102832086558793
"155",420501001692,"226","Semester 2",1,4.09090909090909,2.5,3.16666666666667,2,3.25,3.25,3,2.5,2.25,2.75,2.75,2.25,2.75,2.7,2.5,3.83333333333333,2,1,1,3.99,0.324189526184539,401,0,-2.17340398705766,-1.06517741529755,-2.17340398705766,-0.467005310215567,1.26329777422378,1,4.09090909090909,-0.353563948092867,0.0101137675074403,0.00465709148696119,-0.443970211015718,0.00875418900382497,0.00629769847690785
"156",420501001692,"411","Semester 4",1,3.72727272727273,3.5,4,3,4,4,4,3.5,4,3,3.5,3.25,2.75,1,1.6,4.83333333333333,2,1,1,3.4,0.324189526184539,401,0,0.407587516435635,0.960002334375313,0.407587516435634,-1.0391065701074,-1.09357799987401,1,3.72727272727273,-0.612841146568485,0.0060753529970068,0.0135792088375876,-0.677984448247226,0.00591920594208983,0.0144310273127682
"157",420501001691,"495","Semester 5",1,3.90909090909091,3.41666666666667,4,3,4,4,4,3.75,3.25,3.25,3.25,3.25,3.5,2,3.6,4.83333333333333,2,1,1,3.6,0.671469740634006,347,0,0.192504891144527,0.960002334375313,0.192504891144526,-0.753055940161482,-0.294637059501875,1,3.90909090909091,-0.483202547330676,0.00191192799038191,0.00833333428421001,-0.560977329631472,0.00213248336610934,0.00954752003275516
"158",420501001689,"319","Semester 3",1,5,3.5,3.66666666666667,5,4,3.25,3.75,4,3,3.5,3.25,3,3,1.7,2.2,4.75,2,1,1,3.96,0.224074074074074,540,1,0.407587516435635,0.149930434506167,0.407587516435634,0.963247839514007,1.14345663316796,1,5,0.294629048096179,5.93428996402674e-05,0.00982035384264793,0.141065382063054,0.000359076514615325,0.0145538765601578
"159",420501001686,"225","Semester 2",1,4.54545454545455,3.16666666666667,3.41666666666667,5,3.5,3.5,3.25,2.75,3.25,3.5,3.5,3,3.75,2.1,1.9,4.75,2,1,2,3.8,0.516129032258065,217,1,-0.452742984728796,-0.457623490395693,-0.452742984728798,0.248121264649221,0.504303880870253,1,4.54545454545455,-0.0294674499983437,0.000420304558949766,0.0023336234269023,0.0501308618055694,0.00056850619936396,0.00360541293123431
"160",420501001683,"329","Semester 3",1,4.81818181818182,3.41666666666667,3.33333333333333,6,3.5,3.25,3.25,4,2.75,3.5,3.75,3,3.75,1.4,2.1,4.91666666666667,2,1,1,3.8,0.564748201438849,278,1,0.192504891144527,-0.660141465362978,0.192504891144526,0.677197209568092,0.504303880870253,1,4.81818181818182,0.16499044885837,2.54207684257824e-06,0.00564843785925314,0.0240582634472998,0.000107216774676435,0.00963526949517625
"161",420501001683,"328","Semester 3",1,4.90909090909091,3.66666666666667,3.91666666666667,6,3.75,4,4,3.75,4,3.25,3.75,3,3.5,1,1.9,4.75,2,1,1,3.6,0.564748201438849,278,1,0.83775276701785,0.757484359408026,0.83775276701785,0.82022252454105,-0.294637059501875,1,4.90909090909091,0.229809748477274,0.00145652457581014,0.00753819188143445,0.0825618227551769,0.00248696074408291,0.0118903623121463
"162",420501001683,"399","Semester 4",1,4.18181818181818,2.66666666666667,3.25,3,2.75,3.5,3.5,3,2.25,2.75,3.5,3.25,3,2,2,4.83333333333333,2,1,1,3.8,0.564748201438849,278,0,-1.74323873647544,-0.862659440330265,-1.74323873647544,-0.32397999524261,0.504303880870253,1,4.18181818181818,-0.288744648473962,0.00565345402180959,0.00340758199688505,-0.385466651707841,0.00492377219034005,0.00528541984554635
"163",420501001683,"398","Semester 4",1,4.90909090909091,3.66666666666667,3.75,7,3.5,4,3.75,3.75,3.75,3.5,3.5,3.75,3.75,1,2.1,5,2,2,3,3.6,0.564748201438849,278,1,0.83775276701785,0.352448409473454,0.83775276701785,0.82022252454105,-0.294637059501875,1,4.90909090909091,0.229809748477274,0.00145652457581014,0.00753819188143445,0.485728375318979,0.000828020549940297,0.020684727318456
"164",420486001682,"561","Semester 5",1,4.90909090909091,3.91666666666667,4,5,4,4,4,3.75,4,4,3.25,3,3.5,1,1.3,5,2,2,1,3.5,0.106435643564356,404,1,1.48300064289117,0.960002334375313,1.48300064289117,0.82022252454105,-0.69410752968794,1,4.90909090909091,0.229809748477274,0.00618908613875162,0.00753819188143445,0.0825618227551769,0.00855231453340973,0.0118903623121463
"165",420423001027,"Dia","Semester 4 Control",0,5,4,4,0,4,4,4,4,4,4,NA,NA,NA,1.1,1.6,5,2,2,2,4,0.592660550458716,545,1,1.69808326818228,0.960002334375313,1.69808326818228,0.963247839514007,1.30324482124238,1,0,0.473058818818284,0.0181491683491753,0.0325569272220965,0.532604865252884,0.0137879784264013,0.0332686541315854
"166",420333006788,"Des","Semester 4 Control",0,5,3.75,3.5,0,2.75,4,3.75,4,3.25,4,NA,NA,NA,2.2,1.2,5,2,2,1,2.9,0.32027027027027,740,1,1.05283539230896,-0.255105515428406,1.05283539230896,0.963247839514007,-3.09093035080433,1,0,0.473058818818284,0.00406526201883891,0.0325569272220965,0.331021588970983,0.00578376465490255,0.0366065251918598
"167",420333001008,"Dan","Semester 5 Control",0,5,3.5,4,0,4,4,4,3.5,3.5,3.5,NA,NA,NA,1,1,5,2,1,1,3.8,71.275,632,1,0.407587516435635,0.960002334375313,0.407587516435634,0.963247839514007,0.504303880870253,1,0,0.473058818818284,5.18404993704189e-05,0.0325569272220965,0.331021588970983,6.50775721628949e-05,0.0366065251918598
"168",420333001008,"Mar","Semester 5 Control",0,4.45454545454545,3.75,3.91666666666667,0,3.75,4,4,3.75,3.5,4,NA,NA,NA,1.6,2,4.5,2,2,2,3.6,71.275,632,1,1.05283539230896,0.757484359408026,1.05283539230896,0.105095949676262,-0.294637059501875,1,0,0.355207499237449,0.00326250718556049,0.0163028564995981,0.430139382408122,0.00225404195349837,0.017429900359692
"169",420333001006,"San","Semester 4 Control",0,3,3.25,3.25,0,3.5,3,3.25,3.75,3,3,NA,NA,NA,NA,1.6,3.91666666666667,2,3,2,4,0.50834879406308,539,1,-0.237660359437688,-0.862659440330265,-0.237660359437689,-2.18330908989106,1.30324482124238,1,0,0.040937313688555,0.0020262011626699,0.0703447597244712,0.156898094822092,0.00348267784154537,0.0730439269203799
"170",420333001006,"Ste","Semester 4 Control",0,4.72727272727273,4,4,0,4,4,4,4,4,4,NA,NA,NA,NA,1,4.83333333333333,2,2,1,4,0.50834879406308,539,1,1.69808326818228,0.960002334375313,1.69808326818228,0.534171894595135,1.30324482124238,1,0,0.414133159027867,0.014066554020284,0.0219399065586774,0.279788847548602,0.0161033812994671,0.0255627209689221
"171",420333001006,"Col","Semester 5 Control",0,4.90909090909091,3.25,3.58333333333333,0,3.75,3.5,3.5,3.5,3,3.25,NA,NA,NA,2,2.3,5,2,2,2,3.4,0.50834879406308,539,1,-0.237660359437688,-0.0525875404611189,-0.237660359437689,0.82022252454105,-1.09357799987401,1,0,0.453416932221478,0.00511163504264501,0.0284645902671412,0.515527284778757,0.00511720452551328,0.0292389370736883
"172",420083607370,"Gab","Semester 4 Control",0,4,3,3.08333333333333,0,3,3.5,2.75,3.25,3,2.75,NA,NA,NA,2.3,1.8,4,2,2,1,3.6,0.210144927536232,138,1,-0.882908235311011,-1.26769539026484,-0.882908235311013,-0.610030625188524,-0.294637059501875,1,0,0.25699806625342,0.0094096408776249,0.0179743744107769,0.143168203755587,0.00700389427138156,0.0205752521958558
"173",420081306909,"292","Semester 3",1,3.45454545454545,3.5,4,0,4,4,4,3.75,3.75,3,3,3.75,3,2.5,3.2,4.41666666666667,2,4,1,4,0.900138696255201,721,0,0.407587516435635,0.960002334375313,0.407587516435634,-1.46818251502627,1.30324482124238,1,3.45454545454545,-0.807299045425199,0.0137873744689043,0.0243910802103953,-0.853495126170858,0.0124078247345865,0.0248194489655987
"174",420006100503,"Pau","Semester 4 Control",0,1.81818181818182,3.41666666666667,4,0,4,4,4,4,3.25,3,NA,NA,NA,2,2,4.66666666666667,1,2,1,3.8,0.307627118644068,1180,1,0.192504891144527,0.960002334375313,0.192504891144526,-4.0426381845395,0.504303880870253,1,0,-0.214407212069921,0.0181092648897788,0.218556523752243,-0.266693727623458,0.0190466128026303,0.219105289409173
"175",341287001636,"Jac","Semester 3 Control",0,4.36363636363636,3.5,3.91666666666667,0,4,3.75,4,3.25,3.75,3.5,NA,NA,NA,1.2,2.8,5,2,3,3,2.8,67.943,215,1,0.407587516435635,0.757484359408026,0.407587516435634,-0.0379293652966953,-3.49040082099039,1,0,0.335565612640643,3.34889711439962e-05,0.0155304999475361,0.614645078215896,0.000409782006007013,0.0311642544547204
"176",341287001612,"Tay","Semester 4 Control",0,5,3.08333333333333,3.91666666666667,0,3.75,4,4,2.5,4,2.75,NA,NA,NA,NA,1,5,2,2,1,3.1,66.452,821,1,-0.667825610019903,0.757484359408026,-0.667825610019905,0.963247839514007,-2.2919894104322,1,0,0.473058818818284,0.0157416597688516,0.0325569272220965,0.331021588970983,0.0110753729463275,0.0366065251918598
"177",340300000263,"Bla","Semester 4 Control",0,5,3.58333333333333,3.75,0,4,3.25,4,3.5,3.25,4,NA,NA,NA,NA,1.1,5,2,2,1,3.1,13.115,300,1,0.622670141726743,0.352448409473454,0.622670141726743,0.963247839514007,-2.2919894104322,1,0,0.473058818818284,0.000270704915763486,0.0325569272220965,0.331021588970983,0.000944234574139581,0.0366065251918598
"178",1191681,"Chr","Semester 5 Control",0,5,4,4,0,4,4,4,4,4,4,NA,NA,NA,3.1,2.7,3.58333333333333,2,4,3,3.5,NA,445,1,1.69808326818228,0.960002334375313,1.69808326818228,0.963247839514007,-0.69410752968794,1,0,0.473058818818284,0.0181491683491753,0.0325569272220965,0.734188141534785,0.0129320849858246,0.0462442594041784
"179",1185984,"Dom","Semester 5 Control",0,5,3.91666666666667,4,0,4,4,4,4,4,3.75,NA,NA,NA,1.5,1.5,4.58333333333333,2,2,1,3.5,NA,882,1,1.48300064289117,0.960002334375313,1.48300064289117,0.963247839514007,-0.69410752968794,1,0,0.473058818818284,0.0123355901489667,0.0325569272220965,0.331021588970983,0.0147315828380783,0.0366065251918598
"180",1184663,"Lin","Semester 4 Control",0,4.72727272727273,4,3.91666666666667,0,4,4,3.75,4,4,4,NA,NA,NA,1.9,2,4.33333333333333,2,4,4,3.7,NA,265,1,1.69808326818228,0.757484359408026,1.69808326818228,0.534171894595135,0.10483341068419,1,0,0.414133159027867,0.014066554020284,0.0219399065586774,0.884538676394305,0.0133519121985189,0.0663572250797342
"181",NA,"Kim","Semester 3 Control",0,5,3.08333333333333,3.91666666666667,0,4,3.75,4,3,3,3.25,NA,NA,NA,1.4,1.7,5,2,1,3,3.9,NA,NA,1,-0.667825610019903,0.757484359408026,-0.667825610019905,0.963247839514007,0.903774351056318,1,0,0.473058818818284,0.0157416597688516,0.0325569272220965,0.734188141534785,0.0273598383894655,0.0462442594041784
