OBJECTID,year,origin,enplanements,passengers,departures,arrivals,freight,mail
1,2024,01A,17,17,5,5,0,0
2,2024,05A,1,1,1,1,0,0
3,2024,06A,50,55,67,66,139,0
4,2024,09A,41,43,15,15,0,0
5,2024,1B1,32,32,7,7,0,0
6,2024,1CT,4,4,1,1,0,0
7,2024,1G4,11217,11217,931,1473,0,0
8,2024,1N7,4,4,1,1,0,0
9,2024,1NY,9,9,4,3,0,0
10,2024,1TX,2,2,7,7,0,0
11,2024,2AK,4,6,3,3,0,0
12,2024,2FL,2,2,1,3,0,0
13,2024,2GA,9,9,3,3,0,0
14,2024,2NJ,2,2,1,1,0,0
15,2024,2NY,25,25,12,10,0,0
16,2024,2PA,11,11,4,4,0,0
17,2024,2WA,1376,1376,310,311,0,0
18,2024,3FL,11,11,3,3,0,0
19,2024,3NJ,5,5,2,2,0,0
20,2024,3VA,2,2,1,1,0,0
21,2024,4CL,25,25,3,3,0,0
22,2024,4NC,10,10,2,2,0,0
23,2024,5CA,7,7,1,1,0,0
24,2024,5NJ,0,0,1,1,0,0
25,2024,5PA,5,5,1,1,0,0
26,2024,6AK,243,261,148,150,26152,0
27,2024,6B0,20,20,7,6,0,0
28,2024,6CA,8,8,1,1,0,0
29,2024,6PA,3,3,1,1,0,0
30,2024,7AK,2225,2227,1460,1468,145813,8175
31,2024,A01,70,79,48,48,200,0
32,2024,A03,92,103,56,60,0,0
33,2024,A04,10,10,3,1,0,0
34,2024,A06,8,8,115,115,94373,0
35,2024,A17,9,9,8,8,0,0
36,2024,A20,0,0,176,177,3167724,0
37,2024,A26,18,24,11,11,10390,0
38,2024,A27,2,55,50,50,21922,0
39,2024,A29,81,81,39,40,0,0
40,2024,A30,4,6,3,2,0,0
41,2024,A34,12,12,6,5,0,0
42,2024,A43,1011,964,939,924,207614,21728
43,2024,A50,4,4,1,1,0,0
44,2024,A52,0,0,22,22,0,0
45,2024,A5K,7,7,12,7,330,0
46,2024,A63,4,13,3,3,0,0
47,2024,A65,4,2,5,6,0,0
48,2024,A72,0,0,121,122,0,0
49,2024,A75,5,5,3,3,0,0
50,2024,A76,3,3,2,2,0,0
51,2024,A87,2,2,1,1,0,0
52,2024,AA8,2,2,4,4,72000,0
53,2024,AAF,4,4,2,3,0,0
54,2024,ABE,447699,451490,6620,6488,123162330,0
55,2024,ABI,94521,97461,2315,2635,462392,0
56,2024,ABL,1812,3863,1045,1046,84324,64165
57,2024,ABQ,2690201,2729021,30167,30040,43809885,2574456
58,2024,ABR,23705,23769,981,1024,157994,0
59,2024,ABY,30193,30311,1276,1285,12534363,19887
60,2024,ACK,152003,152003,10927,11083,111803,150523
61,2024,ACT,53757,57644,1175,1175,29393,0
62,2024,ACV,133676,133676,2413,2629,378894,0
63,2024,ACY,487781,499879,3659,3649,803,0
64,2024,ADK,2179,2179,123,123,51024,5507
65,2024,ADQ,86579,86585,6229,6239,2635222,541978
66,2024,ADS,62,62,23,28,0,0
67,2024,ADW,276,276,12,17,0,0
68,2024,AET,1521,2769,661,669,67872,35818
69,2024,AEX,129227,129662,2843,2829,166,0
70,2024,AFW,4682,4694,8493,7489,357294061,0
71,2024,AGC,73,73,18,17,0,0
72,2024,AGN,2216,2338,776,780,22358,7764
73,2024,AGS,298966,304133,5068,5055,13270,0
74,2024,AHN,1935,1944,45,45,0,0
75,2024,AIA,4206,4206,628,629,0,0
76,2024,AIK,11,11,2,2,0,0
77,2024,AIN,3416,4493,1530,1532,78897,15720
78,2024,AKB,276,276,175,174,3063,2375
79,2024,AKI,2674,2821,1488,1487,17935,7517
80,2024,AKK,547,575,326,328,1900,755
81,2024,AKN,39154,40093,5467,5491,4024810,1709138
82,2024,AKP,3255,3649,1145,1148,94755,11320
83,2024,AL6,8,8,2,2,0,0
84,2024,ALB,1490421,1503774,16737,16767,21753432,3814
85,2024,ALE,8,8,1,1,0,0
86,2024,ALO,11995,12462,683,680,38420,0
87,2024,ALS,12227,12227,630,627,0,0
88,2024,ALW,36870,36870,709,708,235,0
89,2024,ALZ,21,46,83,85,795,74
90,2024,AMA,402307,418354,5980,5989,271451,1729
91,2024,ANB,27,27,14,14,67082,0
92,2024,ANC,2699874,2702278,71765,65160,3116063944,95095127
93,2024,AND,40,40,2,2,0,0
94,2024,ANI,5440,5526,3801,3804,591591,2609760
95,2024,ANP,18,18,6,2,0,0
96,2024,ANV,378,616,375,376,73360,36448
97,2024,AOO,5137,5137,598,594,0,0
98,2024,AOS,36,55,85,90,2090,1163
99,2024,APA,71,71,24,24,0,0
100,2024,APC,135,135,33,38,0,0
101,2024,APF,591,587,91,94,0,0
102,2024,APN,11150,11150,856,1033,352198,0
103,2024,ARA,0,0,6,8,20095,0
104,2024,ARC,1763,2318,741,751,81395,62701
105,2024,ART,23153,23153,651,648,722,0
106,2024,ASE,349484,349522,7560,7560,0,0
107,2024,AST,10,10,3,3,0,0
108,2024,ATK,1810,3793,990,994,158364,19306
109,2024,ATL,45406031,45478621,345209,345083,314043628,9765781
110,2024,ATS,9,9,1,1,0,0
111,2024,ATT,2731,3995,2111,2113,20862,17262
112,2024,ATW,540346,540760,7647,7647,6287741,0
113,2024,ATY,14132,14132,627,633,0,0
114,2024,AUG,5224,5224,1193,1188,0,0
115,2024,AUK,3428,4726,2943,2949,37258,34813
116,2024,AUN,2,2,1,1,0,0
117,2024,AUO,41,41,4,4,0,0
118,2024,AUS,10159438,10273729,90001,89872,135628566,222532
119,2024,AUZ,11,11,1,1,0,0
120,2024,AVL,1096081,1097490,12844,12860,3475,0
121,2024,AVP,219505,221233,3289,3289,1242,0
122,2024,AVW,13,13,4,4,0,0
123,2024,AXX,47,47,14,14,0,0
124,2024,AZ3,20,20,3,3,0,0
125,2024,AZA,977643,980722,6598,6468,42548,0
126,2024,AZO,92381,92554,1926,1924,462,1
127,2024,B19,4,4,2,1,0,0
128,2024,B21,3,3,1,2,0,0
129,2024,BAF,1218,1218,21,25,0,0
130,2024,BAM,56,56,2,2,0,0
131,2024,BBX,123,123,42,42,0,0
132,2024,BCE,35,35,5,4,0,0
133,2024,BCT,4244,4291,288,281,0,0
134,2024,BDL,3233502,3246935,29893,29987,150293871,6516437
135,2024,BDR,93,93,26,33,0,0
136,2024,BDY,26,26,9,11,0,0
137,2024,BED,16387,16387,577,583,116437,0
138,2024,BET,165662,168264,41962,42028,6468451,17342204
139,2024,BFB,6,7,11,10,206,201
140,2024,BFD,3519,3522,1059,1051,0,0
141,2024,BFF,12919,15459,922,1004,204933,0
142,2024,BFI,25526,25741,4826,4871,70895582,10249351
143,2024,BFL,195105,195456,3205,3221,579362,0
144,2024,BFM,7615,7615,583,591,11116939,0
145,2024,BFT,18,18,6,4,0,0
146,2024,BGD,0,0,1,1,0,0
147,2024,BGM,24471,24471,415,414,0,0
148,2024,BGR,372036,373279,5593,5553,3778464,205304
149,2024,BGS,0,0,1,1,1176,0
150,2024,BGT,30,30,5,5,0,0
151,2024,BHB,10669,10669,1726,1726,0,0
152,2024,BHM,1595587,1631579,19884,20052,18502683,9382
153,2024,BID,11727,12270,3266,3295,4430,0
154,2024,BIF,1640,1640,28,29,0,0
155,2024,BIH,10072,10072,516,521,47460,0
156,2024,BIL,475319,479100,11185,11301,27843552,4191697
157,2024,BIS,295900,297177,4360,4511,284528,23325
158,2024,BJC,24982,29024,1489,1492,0,0
159,2024,BJI,28536,28600,993,1134,281994,0
160,2024,BKC,3835,4459,1309,1309,79862,31756
161,2024,BKG,2846,2846,30,30,0,0
162,2024,BKL,1392,1392,37,41,55069,0
163,2024,BKW,5906,18048,1198,1198,0,0
164,2024,BKX,24,24,2,2,0,0
165,2024,BLD,28500,28512,3232,2477,0,0
166,2024,BLI,266486,266900,3481,3601,862039,0
167,2024,BLM,211,211,46,41,0,0
168,2024,BLV,152389,153151,1072,1072,0,0
169,2024,BMG,2676,2770,46,44,44243,0
170,2024,BMI,161806,162259,2903,2904,5033989,0
171,2024,BML,11,11,2,1,0,0
172,2024,BNA,11798157,11875070,104088,104061,65720463,37242
173,2024,BNF,16,16,6,6,0,0
174,2024,BOI,2474747,2483177,29301,29307,44615194,5565332
175,2024,BOS,16855500,16874194,164312,164641,152900687,6817420
176,2024,BOW,18,18,3,5,0,0
177,2024,BPT,33907,33907,724,724,75,0
178,2024,BQK,42760,42760,811,811,0,0
179,2024,BQN,360511,360682,2710,2948,16947222,0
180,2024,BRD,16253,16253,664,664,0,0
181,2024,BRL,3934,3934,1054,1048,0,0
182,2024,BRO,187885,188149,3379,3375,94612,0
183,2024,BRW,43364,43468,3963,4061,2742808,2925883
184,2024,BTI,1941,2218,777,773,55596,36572
185,2024,BTL,0,0,17,18,6820,0
186,2024,BTM,15768,15768,696,696,0,0
187,2024,BTP,12,12,2,3,0,0
188,2024,BTR,419323,421285,6669,6666,12645,4
189,2024,BTT,1695,3118,657,648,83182,62322
190,2024,BTV,670239,670466,9519,9535,3011555,0
191,2024,BUF,2496031,2509317,25560,25577,30197437,1525121
192,2024,BUR,3382931,3395462,38707,38676,36282237,30
193,2024,BVU,889,1020,673,902,55547,2705
194,2024,BVY,25,25,10,13,0,0
195,2024,BWD,0,0,263,267,411225,0
196,2024,BWG,1287,1287,11,10,0,0
197,2024,BWI,12605406,12714673,103524,103825,231898790,7014412
198,2024,BXK,28,28,1,1,0,0
199,2024,BYH,0,0,4,3,0,0
200,2024,BZN,1321648,1323422,11813,11822,1660394,0
201,2024,C01,21,21,11,11,4324,0
202,2024,CAE,651388,662995,11960,11944,37893412,15685
203,2024,CAK,379989,382694,4786,4777,52156,0
204,2024,CAR,0,0,1,7,150,0
205,2024,CBA,5,18,11,11,0,0
206,2024,CBK,7,7,2,2,0,0
207,2024,CCR,13213,13389,686,698,0,0
208,2024,CDB,3453,5039,1640,1610,420026,835965
209,2024,CDC,11803,11965,895,909,163446,0
210,2024,CDL,9,9,11,11,9035,0
211,2024,CDR,1313,1313,352,343,0,0
212,2024,CDV,18641,32516,1136,1137,2527671,170896
213,2024,CDW,22,22,384,388,0,0
214,2024,CEC,8026,8028,756,753,61756,0
215,2024,CEF,592,785,11,10,0,0
216,2024,CEM,7,169,227,227,5175,6940
217,2024,CEZ,8799,8799,1255,1261,0,0
218,2024,CFT,68,68,15,15,0,0
219,2024,CGA,102,118,196,208,11864,9796
220,2024,CGF,26,26,6,5,0,0
221,2024,CGI,9171,9171,630,632,10300,0
222,2024,CGZ,2,2,1,1,0,0
223,2024,CHA,557545,564374,8634,8630,11050320,2039
224,2024,CHO,350756,351646,6729,6721,8151,0
225,2024,CHS,3104355,3137202,29875,30476,7807350,35
226,2024,CHU,344,428,310,309,5175,17379
227,2024,CIC,4,4,259,6,187002,0
228,2024,CID,759829,763110,9905,9912,38733782,600
229,2024,CIK,686,1067,390,406,101028,17009
230,2024,CIU,26479,26479,980,1026,133146,0
231,2024,CKB,42273,42274,873,874,21843,0
232,2024,CKD,249,324,313,313,11238,18484
233,2024,CKU,4,4,3,2,320,0
234,2024,CKV,0,0,2,2,905,0
235,2024,CKX,12,12,101,101,567,1822
236,2024,CLD,17110,17310,943,918,0,0
237,2024,CLE,4830320,4850683,44669,44468,77237661,2674614
238,2024,CLL,68267,70004,1242,1233,24412,0
239,2024,CLM,5,5,509,546,347738,0
240,2024,CLP,546,1236,534,535,10893,40412
241,2024,CLT,26172279,26230008,255929,256004,142525320,13268485
242,2024,CMH,4350403,4376056,44519,44513,4784083,303503
243,2024,CMI,86625,87082,1655,1656,7769,0
244,2024,CMX,25828,25828,962,944,82683,0
245,2024,CNM,4076,4076,982,984,0,0
246,2024,CNO,0,0,27,26,201973,0
247,2024,CNW,0,0,1,2,0,0
248,2024,CNY,10612,10612,673,693,0,0
249,2024,COD,37436,37436,922,925,0,0
250,2024,COE,78,78,21,19,0,0
251,2024,CON,12,12,6,6,0,0
252,2024,COS,1244078,1275480,13859,13930,8263074,4697
253,2024,COU,103069,103150,2143,2145,4991,0
254,2024,CPR,99654,99908,3799,3807,11349204,0
255,2024,CPS,5063,5111,127,129,9977,0
256,2024,CPX,14663,14895,3453,3433,1006,6982
257,2024,CRG,81,81,20,19,0,0
258,2024,CRP,369371,378052,5873,5828,50366,0
259,2024,CRW,202292,203066,3649,3644,9120,0
260,2024,CSG,63397,63445,1340,1330,247663,0
261,2024,CT1,23,23,12,9,0,0
262,2024,CT5,8,8,1,1,0,0
263,2024,CT6,2,2,1,1,0,0
264,2024,CT7,1,1,1,1,0,0
265,2024,CTH,33,33,9,13,0,0
266,2024,CVG,4357453,4382173,64116,64843,1226084151,92025
267,2024,CVN,12031,12031,619,623,0,0
268,2024,CVO,0,0,498,496,460671,0
269,2024,CVS,0,0,1,1,2566,0
270,2024,CWA,90087,90354,2003,2012,107280,0
271,2024,CWF,285,285,7,6,0,0
272,2024,CXF,5985,6800,1432,1420,67919,43234
273,2024,CXL,44,44,7,5,0,0
274,2024,CYF,3328,4872,1994,1997,29899,75701
275,2024,CYS,27483,28108,687,685,797,0
276,2024,CZF,52,52,35,34,27680,0
277,2024,CZN,125,125,121,121,7888,219
278,2024,DAB,337663,339534,3070,3073,2344,0
279,2024,DAG,6,6,1,1,0,0
280,2024,DAL,8644402,8798543,75177,75119,14785350,0
281,2024,DAY,624819,626653,10405,10417,6970365,9
282,2024,DBQ,6066,6236,101,101,0,0
283,2024,DCA,12500236,12512465,141063,141110,1167724,0
284,2024,DCK,7,7,7,7,0,0
285,2024,DCU,0,0,6,6,23146,0
286,2024,DDC,8300,10162,624,624,120,0
287,2024,DE3,6,6,4,3,0,0
288,2024,DEC,12740,17257,775,775,0,0
289,2024,DEN,37751107,37909172,321994,321941,268580045,11985540
290,2024,DET,7,7,1,2,0,0
291,2024,DFW,36327693,36382528,320463,320632,401227441,43097169
292,2024,DGB,329,332,346,355,891,0
293,2024,DHB,1937,1937,631,682,0,0
294,2024,DHN,39273,39338,1019,777,308331,0
295,2024,DIK,26143,26143,921,919,157544,0
296,2024,DIO,199,199,54,54,4282,0
297,2024,DJN,28,28,29,23,4910,0
298,2024,DKK,9,9,3,1,0,0
299,2024,DLG,34390,34592,6242,6265,2058950,4022789
300,2024,DLH,135730,137717,2543,2531,618744,0
301,2024,DLS,5,5,2,2,0,0
302,2024,DMN,5,5,2,2,0,0
303,2024,DOF,4,4,16,14,856,820
304,2024,DOV,8,8,35,38,203635,0
305,2024,DPA,6,6,7,6,18442,0
306,2024,DQK,1278,1278,12,8,0,0
307,2024,DQL,9,9,4,6,1000,0
308,2024,DQN,5,5,1,1,0,0
309,2024,DQS,6003,6003,608,398,0,0
310,2024,DRG,1345,3287,937,937,53981,60392
311,2024,DRO,250628,250702,4334,4543,250882,0
312,2024,DRT,0,0,484,477,820102,0
313,2024,DSI,3623,3639,175,175,0,0
314,2024,DSM,1554180,1569967,16877,16904,25013532,0
315,2024,DTO,0,0,6,6,7410,0
316,2024,DTW,14425694,14452292,134798,134879,102982948,5278775
317,2024,DUJ,5570,5579,1821,1792,0,0
318,2024,DUT,22712,22779,2551,2560,577246,337923
319,2024,DVL,9487,13085,660,660,0,0
320,2024,DVT,93,93,26,27,0,0
321,2024,DWH,15,15,5,4,0,0
322,2024,DXR,61,61,17,20,0,0
323,2024,DYL,8,8,3,2,0,0
324,2024,EAA,622,656,252,252,4044,1336
325,2024,EAR,14129,14130,935,1125,400417,0
326,2024,EAT,44459,44459,729,726,8380,0
327,2024,EAU,22269,22912,275,278,0,0
328,2024,ECP,918302,925998,9401,9422,2846,0
329,2024,EDA,84,92,122,125,3819,10070
330,2024,EDE,8,8,1,1,0,0
331,2024,EDF,0,0,12,45,411649,0
332,2024,EEK,2920,4492,2180,2182,43979,67840
333,2024,EEN,18,18,4,2,0,0
334,2024,EFD,194,197,3,3,0,0
335,2024,EFK,8,8,2,1,0,0
336,2024,EGE,282684,282684,3814,3815,25,0
337,2024,EGV,30,30,13,13,0,0
338,2024,EGX,476,583,494,493,118737,24938
339,2024,EHM,70,70,44,45,0,0
340,2024,EHR,21,21,16,17,0,0
341,2024,EIL,0,0,1,1,8063,0
342,2024,EKO,12881,12881,366,366,0,0
343,2024,ELD,2558,2562,706,708,0,0
344,2024,ELI,2006,3776,1155,1155,167084,48813
345,2024,ELM,85676,85683,1240,1212,112801,0
346,2024,ELP,2050734,2074997,22012,22151,84888547,2271979
347,2024,ELV,459,478,273,272,7984,2076
348,2024,EMK,9854,10181,6111,6114,386675,2732710
349,2024,ENA,75327,75380,13857,14521,735626,13592
350,2024,ENN,9,29,4,8,508,0
351,2024,ENW,9,9,2,2,0,0
352,2024,ERI,46719,46719,1003,1005,1502,0
353,2024,ESC,17114,17114,912,924,114842,0
354,2024,ESD,9194,9194,2255,2576,76008,0
355,2024,ESN,30,30,8,9,0,0
356,2024,EUG,824632,825747,9323,9321,1010446,40
357,2024,EVV,189505,189644,3479,3671,64426,0
358,2024,EWB,1976,1976,584,554,0,0
359,2024,EWN,86631,88950,2305,2310,1486154,0
360,2024,EWR,16928416,16942091,147951,146590,467804475,13660853
361,2024,EXI,24,26,18,18,0,0
362,2024,EYW,740529,740793,12576,12752,248653,0
363,2024,FAI,571336,573567,17997,18002,13603845,4321729
364,2024,FAK,4,4,3,3,0,0
365,2024,FAR,552342,554242,9640,9357,32691327,17924
366,2024,FAT,1104709,1107327,12726,12754,8707448,0
367,2024,FAY,168109,169165,3111,3114,1052,0
368,2024,FBK,44,44,12,12,2670,0
369,2024,FBS,5404,5404,1893,1447,5,0
370,2024,FCA,503753,503865,5626,5627,2128480,0
371,2024,FCM,2,2,1,2,0,0
372,2024,FDK,3,3,2,2,0,0
373,2024,FDY,0,0,1,1,1377,0
374,2024,FFO,94,94,1,2,0,0
375,2024,FHB,2,2,1,2,0,0
376,2024,FHU,9,9,1,1,0,0
377,2024,FID,178,178,38,38,0,0
378,2024,FL4,5,5,1,2,0,0
379,2024,FL7,2,2,2,1,0,0
380,2024,FL8,5,5,1,1,0,0
381,2024,FLG,79059,79059,2391,2507,431439,0
382,2024,FLL,13655237,13674638,97426,97224,96820967,1100727
383,2024,FLO,24713,25076,842,841,5193,0
384,2024,FLT,2,5,3,3,1752,8
385,2024,FME,4,4,2,2,0,0
386,2024,FMN,0,0,359,504,183495,0
387,2024,FMY,18,18,6,7,0,0
388,2024,FNL,2850,3052,32,34,20,0
389,2024,FNR,18,20,15,13,0,0
390,2024,FNT,285088,286011,3670,3468,12182421,0
391,2024,FOD,7733,11369,624,624,0,0
392,2024,FOE,2883,3016,65,69,13560,0
393,2024,FOK,453,453,160,173,0,0
394,2024,FPR,13,13,5,3,0,0
395,2024,FRD,12310,12498,3057,2935,37917,0
396,2024,FRG,1414,1414,140,153,0,0
397,2024,FRY,8,8,3,3,0,0
398,2024,FSD,700851,704744,10086,10046,39801574,0
399,2024,FSM,59119,59453,1163,1164,788,0
400,2024,FTW,2019,2019,44,44,17825,0
401,2024,FTY,12,12,6,6,0,0
402,2024,FVG,2,2,1,1,0,0
403,2024,FVO,1,1,1,1,0,0
404,2024,FWA,424439,425328,7428,7430,17625619,0
405,2024,FWL,0,0,1,1,0,0
406,2024,FXE,75,60,32,35,0,0
407,2024,FYU,5492,6624,1625,1616,133539,64407
408,2024,FYV,292,292,11,11,0,0
409,2024,GAI,32,32,10,9,0,0
410,2024,GAL,11852,12802,2872,2891,637352,966036
411,2024,GAM,2855,4334,1123,1123,80003,51806
412,2024,GBH,519,542,89,92,14202,0
413,2024,GBR,23,23,7,9,0,0
414,2024,GCC,30304,30304,741,741,0,0
415,2024,GCK,31161,31675,969,969,295220,0
416,2024,GCN,43893,43893,3812,3628,0,0
417,2024,GDC,0,0,32,36,43841,0
418,2024,GDV,2130,2130,688,689,0,0
419,2024,GED,21,21,7,6,0,0
420,2024,GEG,2064108,2069196,23405,24972,49173822,6007108
421,2024,GEK,0,0,3,3,1750,0
422,2024,GFK,92481,92666,1313,1308,0,0
423,2024,GFL,55,55,15,16,0,0
424,2024,GGG,35057,36590,755,756,659,0
425,2024,GGW,2970,2970,685,683,0,0
426,2024,GJT,270916,278936,4950,4868,4973420,1566
427,2024,GKN,367,376,360,375,15853,56158
428,2024,GLH,6581,6581,356,358,1038,0
429,2024,GLR,0,0,3,30,3950,0
430,2024,GLV,1490,3385,987,986,113612,55445
431,2024,GNU,954,969,917,917,34066,26839
432,2024,GNV,290395,291194,4358,4358,54489,0
433,2024,GON,56,56,20,24,0,0
434,2024,GPT,423556,432601,5324,5321,10665,17
435,2024,GRB,337321,338988,5432,5424,219772,0
436,2024,GRI,67570,67663,1274,1045,316099,0
437,2024,GRK,91485,92910,1813,1825,2984,0
438,2024,GRR,2064686,2079015,21264,21034,33725700,2513
439,2024,GSO,985423,994775,16300,16152,76768989,3853291
440,2024,GSP,1412374,1429407,18747,18572,34098478,37594
441,2024,GST,10053,10080,1148,1156,26882,19246
442,2024,GTF,186679,187171,4813,4782,20966969,0
443,2024,GTR,47307,47450,754,754,0,0
444,2024,GTY,2,2,1,1,0,0
445,2024,GUC,58720,58764,1156,1154,310,0
446,2024,GUM,137623,137630,1774,1866,8061384,2167912
447,2024,GUP,2617,2617,716,470,110957,0
448,2024,GUS,0,0,1,1,0,0
449,2024,GVL,5,5,1,1,0,0
450,2024,GVQ,6,6,1,2,0,0
451,2024,GVT,6,6,1,1,0,0
452,2024,GYR,3,3,5,9,4000,0
453,2024,GYY,5400,5400,281,278,9253712,18184
454,2024,HAF,2,2,1,1,0,0
455,2024,HAO,1,1,1,1,0,0
456,2024,HAR,9,9,2,2,0,0
457,2024,HCR,562,855,669,669,48448,48259
458,2024,HDN,226809,228008,2868,2823,122946,0
459,2024,HFD,15,15,7,8,0,0
460,2024,HGR,41461,41595,290,289,962,0
461,2024,HHH,108490,108490,1840,1850,0,0
462,2024,HHR,6261,6298,961,943,0,0
463,2024,HIB,11294,11294,637,638,0,0
464,2024,HIE,2,2,2,2,0,0
465,2024,HIF,0,0,4,3,176007,0
466,2024,HII,4,4,513,528,350270,0
467,2024,HIK,0,0,12,6,1155397,0
468,2024,HIO,22,22,12,12,0,0
469,2024,HKB,1625,1685,491,493,15112,190
470,2024,HKY,352,352,4,5,0,0
471,2024,HLM,1,1,1,1,0,0
472,2024,HLN,101570,101599,1969,1970,4175,0
473,2024,HNH,5667,5723,1363,1368,32847,24496
474,2024,HNL,8708478,8725224,84067,83648,454360969,48749056
475,2024,HNM,2656,2656,801,811,0,0
476,2024,HNS,6362,8100,1676,1666,146906,49504
477,2024,HOB,26211,26393,741,744,514,0
478,2024,HOM,27482,27991,6298,6385,889179,224744
479,2024,HOP,94,94,3,3,0,0
480,2024,HOT,3289,3299,778,788,0,0
481,2024,HOU,6639433,6711732,58091,58070,11675144,277
482,2024,HPB,4799,6458,2414,2419,45537,87344
483,2024,HPN,1178953,1179247,16838,16820,3544,0
484,2024,HRL,541129,541991,7003,6938,22855334,0
485,2024,HRO,4032,4032,770,754,0,0
486,2024,HSH,156,156,61,59,0,0
487,2024,HSL,3291,3765,954,958,72789,44059
488,2024,HSV,804260,814718,13558,13565,25134721,30133
489,2024,HTO,2891,2891,1058,1065,0,0
490,2024,HTS,93330,93386,1734,1982,6270792,0
491,2024,HUF,382,382,8,7,9240,0
492,2024,HUS,914,1757,408,417,31602,19565
493,2024,HUT,0,0,2,1,2373,0
494,2024,HVN,589266,589266,4349,4322,0,0
495,2024,HVR,3095,3095,685,685,0,0
496,2024,HWD,23,23,12,10,0,0
497,2024,HYA,25232,25274,5426,5422,0,517379
498,2024,HYG,1,2,88,87,1105,4376
499,2024,HYL,56,90,152,156,12879,11724
500,2024,HYS,14515,17538,665,666,0,0
501,2024,HZL,5,5,2,2,0,0
502,2024,IAB,0,0,52,52,3965034,0
503,2024,IAD,8041768,8097299,86959,87571,89292121,830471
504,2024,IAG,59020,59338,507,508,115461,0
505,2024,IAH,17464743,17539811,170715,171112,331112533,13273210
506,2024,IAN,2555,4177,1106,1105,57553,54450
507,2024,ICT,885566,909586,12933,13073,19111588,2453
508,2024,ID1,2,2,2,2,0,0
509,2024,IDA,301660,303275,4697,4709,3023164,0
510,2024,IDI,0,0,1,1,1991,0
511,2024,IFP,64960,76389,632,614,0,0
512,2024,IGG,199,220,281,281,12453,8331
513,2024,IGM,13,13,5,5,0,0
514,2024,IKK,12,12,1,1,0,0
515,2024,IKO,152,157,133,133,1426,1838
516,2024,IKV,319,319,4,4,0,0
517,2024,ILG,124919,124919,938,937,0,0
518,2024,ILI,3429,3434,1825,1835,109706,321135
519,2024,ILM,736506,738455,10280,10283,1339098,0
520,2024,ILN,0,0,3669,3663,304297830,0
521,2024,IMT,19479,19479,983,977,123913,0
522,2024,IN2,31,31,4,4,0,0
523,2024,IN6,8,8,3,3,0,0
524,2024,IND,5146280,5194000,60772,60544,842478043,84741
525,2024,INL,14799,14799,656,656,0,0
526,2024,INS,39,39,1,1,0,0
527,2024,INT,1147,1147,45,40,0,0
528,2024,IOW,1,1,1,1,0,0
529,2024,IPL,4183,4183,1270,1268,602913,0
530,2024,IPT,954,954,283,285,1546,0
531,2024,IRC,192,257,241,242,7254,16895
532,2024,IRK,5611,5611,622,624,0,0
533,2024,ISM,58,58,9,10,0,0
534,2024,ISO,0,0,10,9,0,0
535,2024,ISP,682533,686662,5263,5284,149320,0
536,2024,ITH,69553,69563,1431,1418,0,0
537,2024,ITO,680629,680629,8547,8674,14584696,1960186
538,2024,IWD,7090,7090,627,627,0,0
539,2024,IYK,0,0,248,248,197051,0
540,2024,JAC,518517,518517,5610,5611,641,0
541,2024,JAN,616617,630611,9207,9223,6964303,1505
542,2024,JAX,3749052,3780630,33099,33182,62850080,6238073
543,2024,JBR,2236,2236,693,685,0,0
544,2024,JFK,13918304,13933663,127460,127981,365108379,14539717
545,2024,JGG,3,3,1,1,0,0
546,2024,JHM,1696,1696,696,1381,229900,0
547,2024,JHW,25,25,8,10,0,0
548,2024,JLA,24,26,13,14,0,0
549,2024,JLN,18362,18362,626,626,0,0
550,2024,JMS,9516,17534,589,589,0,0
551,2024,JNU,366259,455924,14762,14767,14610501,3441599
552,2024,JRA,70,70,53,52,0,0
553,2024,JRB,2,2,2,2,0,0
554,2024,JRV,19659,19813,4039,4007,591,0
555,2024,JST,17690,17690,732,734,1753,0
556,2024,JVL,0,0,3,3,10788,0
557,2024,JZE,283,296,324,319,36353,0
558,2024,JZI,7,7,4,4,0,0
559,2024,JZM,0,0,1,1,1852,0
560,2024,JZQ,10,10,2,3,0,0
561,2024,JZT,24,24,15,15,14189,0
562,2024,JZU,7,7,2,1,0,0
563,2024,KAE,3372,3516,995,1001,25787,6749
564,2024,KAL,1347,1627,400,402,31421,7472
565,2024,KBC,287,930,261,267,98513,34988
566,2024,KCC,42,61,149,150,26590,20197
567,2024,KCG,99,253,188,188,14420,38553
568,2024,KCL,165,306,245,245,21438,50195
569,2024,KCQ,211,425,284,284,35470,71286
570,2024,KEB,2344,2755,1660,1661,640,4509
571,2024,KEH,6856,6856,3390,3421,84,0
572,2024,KEK,509,1226,606,606,14886,52097
573,2024,KFP,81,87,165,165,0,7100
574,2024,KGK,908,1487,691,691,12378,42961
575,2024,KGX,527,721,596,599,51372,25893
576,2024,KKA,2120,3603,1256,1257,72566,20973
577,2024,KKB,94,121,141,142,4330,2029
578,2024,KKH,3077,3692,2078,2081,26967,47330
579,2024,KKI,3448,4260,2099,2096,19662,13790
580,2024,KKL,8,8,6,8,0,0
581,2024,KLG,2429,2836,1701,1701,11051,26535
582,2024,KLL,262,656,431,431,9923,8427
583,2024,KLN,2226,2245,965,965,5143,3096
584,2024,KLW,16224,16304,3317,3295,100233,88883
585,2024,KMO,1510,1826,1000,1000,14979,32319
586,2024,KMY,37,51,47,48,921,213
587,2024,KNK,1536,1606,568,572,72989,3683
588,2024,KNW,1929,2367,1058,1058,10329,43466
589,2024,KOA,1982155,1984120,19469,19614,45061167,1583691
590,2024,KOT,3069,4478,2758,2758,27594,12167
591,2024,KOY,39,57,46,42,1060,170
592,2024,KOZ,1332,1410,978,978,4971,3374
593,2024,KPB,7,7,42,43,1913,6967
594,2024,KPN,4978,6078,2200,2203,49464,72433
595,2024,KPR,5,18,66,66,551,856
596,2024,KPV,280,361,260,260,18087,47487
597,2024,KPY,11,59,66,66,4234,4025
598,2024,KQA,1351,1354,1021,1011,25722,0
599,2024,KSM,4250,6072,3218,3196,481029,1248312
600,2024,KTB,210,247,404,424,28287,21123
601,2024,KTN,152072,236245,6868,6912,5941815,5309252
602,2024,KTS,2267,3131,992,992,55810,47352
603,2024,KUK,4029,4952,2515,2521,19859,26644
604,2024,KVC,438,439,472,471,5291,24738
605,2024,KVL,3039,4320,1160,1160,45352,50405
606,2024,KWK,2534,3033,1591,1590,10555,31758
607,2024,KWN,5732,6212,2680,2679,40711,55415
608,2024,KWP,58,71,68,70,1888,1281
609,2024,KWT,3585,4140,2114,2110,17988,12614
610,2024,KXA,2,1,50,53,2105,3749
611,2024,KYK,244,253,211,211,1302,1978
612,2024,KYU,830,1586,368,367,43337,24814
613,2024,KZB,46,67,82,80,3072,2151
614,2024,L41,50,50,17,417,0,0
615,2024,LA2,3,3,1,1,0,0
616,2024,LAF,5640,5640,805,807,11505,0
617,2024,LAL,23979,23979,3703,3702,125820266,0
618,2024,LAN,114961,115240,2964,2980,19386279,2637206
619,2024,LAR,19053,19053,633,633,0,0
620,2024,LAS,26383142,26515132,202584,202522,94848066,5862462
621,2024,LAW,43389,44493,1102,1103,750,0
622,2024,LAX,26239010,26340206,206637,207004,844016086,47992961
623,2024,LBB,563148,572831,9898,9734,23364642,1316468
624,2024,LBE,76317,76953,609,612,0,0
625,2024,LBF,16537,16537,890,950,110613,0
626,2024,LBL,8181,12182,554,554,0,0
627,2024,LCH,90762,91670,1963,1940,2520,4
628,2024,LCI,121,121,35,32,0,0
629,2024,LCK,143034,143421,2189,2184,46660914,0
630,2024,LDJ,3,3,1,1,0,0
631,2024,LEB,10765,10765,2159,2167,0,0
632,2024,LEE,7,7,4,6,0,0
633,2024,LEW,53,53,8,9,0,0
634,2024,LEX,776163,777884,10136,10141,19684,0
635,2024,LFI,50,50,2,3,0,0
636,2024,LFT,264454,264760,5321,5312,9337101,0
637,2024,LGA,15839248,15840703,159370,159413,6264129,2330
638,2024,LGB,2031092,2060961,17953,17962,18818127,0
639,2024,LGC,0,0,2,2,0,0
640,2024,LGU,958,958,8,8,0,0
641,2024,LIH,1766400,1767428,17882,18083,23091043,694240
642,2024,LIT,1145632,1166990,15348,15348,10904175,749
643,2024,LIV,14,14,49,59,21085,0
644,2024,LKE,18306,18306,4249,4256,579,0
645,2024,LKK,823,823,299,306,16620,0
646,2024,LKP,29,29,9,9,0,0
647,2024,LLY,7,7,5,3,0,0
648,2024,LMA,233,474,181,180,35403,5172
649,2024,LMT,28,28,604,630,534411,0
650,2024,LNA,27,28,10,9,0,0
651,2024,LNI,2,2,2,2,0,0
652,2024,LNK,129832,130817,2733,2731,28993,0
653,2024,LNN,7,7,1,1,0,0
654,2024,LNS,8371,8371,1469,1465,24096,0
655,2024,LNY,25186,25186,4736,4937,101724,0
656,2024,LOT,17,17,2,2,0,0
657,2024,LPS,1960,1960,695,679,0,0
658,2024,LRD,153338,153709,5046,5227,25534423,448749
659,2024,LRU,2102,2102,375,373,0,0
660,2024,LSE,39617,40867,946,946,442,1
661,2024,LSR,18,19,9,9,0,0
662,2024,LSV,340,340,6,3,5456,0
663,2024,LUK,1178,1178,50,49,0,0
664,2024,LUL,0,0,1,1,0,0
665,2024,LUP,4174,4174,1344,1337,0,0
666,2024,LUR,72,107,57,57,20977,2714
667,2024,LVD,19,28,21,22,50,0
668,2024,LVK,5,5,2,5,0,0
669,2024,LWB,8982,8982,616,616,108,0
670,2024,LWM,7,7,5,5,0,0
671,2024,LWS,55459,55459,1107,1109,4193,0
672,2024,LYH,81450,81904,1930,1929,3144,0
673,2024,LZU,10,10,4,4,0,0
674,2024,M91,30,30,10,10,0,0
675,2024,MA1,21,21,4,6,0,0
676,2024,MA2,17,17,8,5,0,0
677,2024,MA3,3,3,1,1,0,0
678,2024,MA4,36,36,11,8,0,0
679,2024,MA5,10,10,3,3,0,0
680,2024,MAE,0,0,2,2,1965,0
681,2024,MAF,761708,780901,11598,12151,2359769,234
682,2024,MAZ,9207,9207,1456,1457,0,0
683,2024,MBL,6968,6968,961,962,0,0
684,2024,MBS,110813,111139,2242,2242,2048,0
685,2024,MCC,18,18,12,19,153961,0
686,2024,MCE,4845,4845,1221,1217,0,0
687,2024,MCF,39,39,1,1,0,0
688,2024,MCG,2550,3112,1045,1043,282275,127916
689,2024,MCI,5828768,5907847,55111,55042,126831570,7557865
690,2024,MCK,2707,2707,807,835,49249,0
691,2024,MCN,16931,17402,682,685,1043,0
692,2024,MCO,24109668,24153975,167057,166982,150892656,7444699
693,2024,MCW,6564,8337,615,615,0,0
694,2024,MD1,4,4,3,1,0,0
695,2024,MD2,5,5,1,1,0,0
696,2024,MD3,2,2,1,1,0,0
697,2024,MD6,2,2,1,1,0,0
698,2024,MDH,434,434,33,32,0,0
699,2024,MDN,0,0,1,1,0,0
700,2024,MDO,5,5,4,4,2715,0
701,2024,MDT,725000,734616,10433,10206,56045931,1344
702,2024,MDW,10016976,10100277,79285,79229,17218304,0
703,2024,ME1,4,4,1,1,0,0
704,2024,ME3,14,14,4,7,0,0
705,2024,ME4,1,1,1,1,0,0
706,2024,ME5,13,13,3,3,0,0
707,2024,MEI,16971,17881,625,625,28875,0
708,2024,MEM,2437316,2468198,82214,80322,3710072450,2281969
709,2024,MEO,0,0,255,250,70922,0
710,2024,MEV,1,1,1,2,0,0
711,2024,MFD,2,2,4,4,47402,0
712,2024,MFE,600610,601422,6680,6700,7554563,0
713,2024,MFR,503363,503591,7439,7394,3093337,0
714,2024,MGE,84,84,2,7,0,0
715,2024,MGM,193598,195394,3407,3411,40121,0
716,2024,MGR,1,1,2,1,0,0
717,2024,MGW,7950,7951,1744,1742,0,0
718,2024,MHE,45,45,4,4,0,0
719,2024,MHK,85245,85302,1685,1677,23641,0
720,2024,MHM,7,17,14,12,64201,0
721,2024,MHR,162,162,1629,1638,54701713,10760819
722,2024,MHT,632987,634235,9644,9678,82825324,5937541
723,2024,MHV,8,8,3,3,0,0
724,2024,MIA,14921318,14969632,117448,117739,508422652,16159714
725,2024,MIB,145,145,2,3,0,0
726,2024,MIE,294,294,2,2,0,0
727,2024,MIV,12,12,3,3,0,0
728,2024,MJX,1,1,1,1,0,0
729,2024,MKC,4986,4986,117,119,243693,0
730,2024,MKE,3070094,3091211,33505,33317,55750271,1590688
731,2024,MKG,2705,2705,718,716,311,0
732,2024,MKK,84029,84039,11625,12032,180699,0
733,2024,MKL,3379,3379,570,562,480,0
734,2024,MLB,260707,263625,2891,2887,231705,0
735,2024,MLI,326491,327266,5290,5299,115,0
736,2024,MLL,2724,3763,2124,2128,38555,10670
737,2024,MLU,105263,105394,2028,2028,1038,1
738,2024,MLY,76,586,261,260,49911,9335
739,2024,MMH,3534,3563,227,229,0,0
740,2024,MMU,2548,2573,225,217,0,0
741,2024,MN5,0,0,1,1,0,0
742,2024,MNT,201,623,264,263,54698,25377
743,2024,MNZ,10,10,6,5,0,0
744,2024,MO6,3,3,1,1,0,0
745,2024,MOB,314377,315302,5312,5305,1725,0
746,2024,MOD,18,18,3,2,0,0
747,2024,MOT,169461,169470,2783,2861,333256,0
748,2024,MOU,3678,4897,1689,1689,23289,12747
749,2024,MPB,65,68,27,36,0,0
750,2024,MPV,25,25,6,6,0,0
751,2024,MQJ,24,24,2,3,0,0
752,2024,MQT,44566,44566,1160,1369,167097,0
753,2024,MQY,1358,1358,539,545,86030,0
754,2024,MRB,0,0,1,1,0,0
755,2024,MRC,0,0,3,3,0,0
756,2024,MRF,2,2,2,2,0,0
757,2024,MRI,4691,4691,2643,2010,842915,41652
758,2024,MRK,18,18,5,5,0,0
759,2024,MRY,305052,305247,5248,5173,223818,0
760,2024,MSL,7373,7373,436,438,0,0
761,2024,MSN,1154944,1161993,14527,14415,13159680,2728
762,2024,MSO,511373,511964,5922,5939,1900682,0
763,2024,MSP,16321623,16338959,145783,146275,159432352,9737084
764,2024,MSS,5369,5406,1051,1048,0,0
765,2024,MSV,26,26,4,5,0,0
766,2024,MSY,6414251,6470310,53061,53185,46353188,2637254
767,2024,MTH,69,69,273,277,181003,0
768,2024,MTJ,264764,266377,2889,2893,4089,0
769,2024,MTM,569,569,935,936,2714,18669
770,2024,MTN,37,37,14,16,0,0
771,2024,MTO,103,103,1,1,0,0
772,2024,MTP,203,203,68,77,0,0
773,2024,MTX,235,235,219,202,9795,0
774,2024,MUE,3903,3903,728,738,0,0
775,2024,MVC,1,1,1,1,0,0
776,2024,MVL,45,45,11,12,0,0
777,2024,MVN,0,0,1,1,8500,0
778,2024,MVW,2,2,499,4,757705,0
779,2024,MVY,82223,82223,5762,5934,57951,0
780,2024,MWA,13797,13942,646,646,5106,0
781,2024,MWH,12,12,2,1,0,0
782,2024,MWL,27,27,1,1,0,0
783,2024,MXY,138,143,105,105,273,1685
784,2024,MYF,14,14,3,3,0,0
785,2024,MYK,27,34,105,105,0,176
786,2024,MYL,4,4,2,2,0,0
787,2024,MYR,1894913,1906347,17553,17605,785860,295
788,2024,MYU,1321,1353,475,476,47194,33199
789,2024,MZJ,0,0,10,11,0,0
790,2024,N1C,1024,1024,20,14,2919,0
791,2024,N1Y,16,16,4,3,0,0
792,2024,N2Y,8,8,2,2,0,0
793,2024,N4Y,43,43,13,13,0,0
794,2024,N8C,3,3,1,2,0,0
795,2024,N8Y,5,5,1,1,0,0
796,2024,NAD,18,18,8,6,0,0
797,2024,NCN,555,555,201,202,14713,1086
798,2024,NEW,29,29,7,6,0,0
799,2024,NGU,40,40,102,95,471954,0
800,2024,NH6,4,4,1,1,0,0
801,2024,NHK,55,55,1,2,0,0
802,2024,NHZ,16,16,6,8,0,0
803,2024,NIB,1013,1409,472,474,89779,6396
804,2024,NIP,0,0,6,8,151729,0
805,2024,NJ1,44,44,17,15,0,0
806,2024,NJ2,9,9,4,7,0,0
807,2024,NJ4,3,3,1,2,0,0
808,2024,NJ7,2,2,1,1,0,0
809,2024,NJK,80,80,1,1,0,0
810,2024,NKI,0,40,71,73,2778,6019
811,2024,NKX,88,88,1,2,0,0
812,2024,NLG,73,80,134,134,1589,7405
813,2024,NM1,1,1,1,1,0,0
814,2024,NME,1447,2218,1047,1057,13980,38692
815,2024,NNK,6,6,6,6,0,0
816,2024,NNL,430,453,396,396,19358,11171
817,2024,NPT,209,209,52,53,0,0
818,2024,NQX,50,50,1,1,0,0
819,2024,NTD,0,0,6,3,13058,0
820,2024,NUI,2344,3593,1424,1456,242672,24859
821,2024,NUL,2480,3437,849,854,85452,39459
822,2024,NUP,3331,4355,2227,2224,18707,20828
823,2024,NUQ,72,72,27,29,0,0
824,2024,NUW,0,0,3,2,7824,0
825,2024,NV5,365,365,45,48,0,0
826,2024,NV6,5,5,4,5,0,0
827,2024,NY1,21,21,7,4,0,0
828,2024,NY4,7,7,1,1,0,0
829,2024,NY5,20,20,6,8,0,0
830,2024,NY7,36,36,16,13,0,0
831,2024,NY9,4,4,2,2,0,0
832,2024,NYL,74,74,1031,845,1051731,0
833,2024,NYS,2834,2849,943,943,0,0
834,2024,NZY,147,147,10,6,480418,0
835,2024,OAJ,144603,145314,2763,2764,113,0
836,2024,OAK,4983849,5036430,54132,54415,519121126,18390354
837,2024,OBE,0,1,105,107,0,0
838,2024,OBU,970,2798,777,777,75026,71849
839,2024,OCA,6,6,2,2,0,0
840,2024,OCE,21,21,7,5,0,0
841,2024,OCF,62,62,19,19,0,0
842,2024,ODW,1,1,1,1,0,0
843,2024,OFF,88,88,3,2,0,0
844,2024,OGD,15507,15787,196,197,112382,0
845,2024,OGG,3294923,3299779,36836,37029,23087529,2453831
846,2024,OGS,6263,6263,516,517,0,0
847,2024,OHC,9,13,6,6,4200,0
848,2024,OKC,2243268,2311284,25897,25953,30283427,3626727
849,2024,OLF,3183,3183,677,676,0,0
850,2024,OLH,2299,2339,997,998,5872,3245
851,2024,OLM,0,0,1,1,0,0
852,2024,OMA,2580019,2618814,26863,26856,45364914,7846996
853,2024,OME,68803,70605,10308,10320,4768206,7719823
854,2024,ONH,10,10,2,2,0,0
855,2024,ONN,22,22,13,12,0,0
856,2024,ONP,0,0,496,520,102273,0
857,2024,ONT,3277040,3314985,42376,42124,829279681,68774220
858,2024,OOK,3329,4302,1765,1757,30564,80969
859,2024,OPF,13666,13936,841,847,48196,0
860,2024,OR1,4,4,1,1,0,0
861,2024,OR4,24,24,6,6,0,0
862,2024,ORD,31613389,31683551,328086,329047,381704912,26670187
863,2024,ORF,2444479,2471705,25514,25634,17360009,611
864,2024,ORH,112838,112838,1364,1375,5902,0
865,2024,ORI,1307,1331,972,968,3520,4512
866,2024,ORL,83,83,21,22,0,0
867,2024,ORV,3715,5199,1453,1454,62237,43364
868,2024,OSC,0,0,42,35,259344,0
869,2024,OSU,24,24,5,5,0,0
870,2024,OTH,20463,20463,967,894,278375,0
871,2024,OTS,2,2,2,2,0,0
872,2024,OTZ,60547,63134,10090,10110,3475343,10536981
873,2024,OUN,26,26,3,3,0,0
874,2024,OWB,8831,8831,637,639,0,0
875,2024,OWD,113,113,38,41,0,0
876,2024,OWK,10,10,2,2,0,0
877,2024,OXC,99,99,34,29,0,0
878,2024,OXD,8,8,1,1,0,0
879,2024,OXR,22,22,9,7,0,0
880,2024,PA3,6,6,2,2,0,0
881,2024,PA5,59,59,21,16,0,0
882,2024,PA8,2,2,1,1,0,0
883,2024,PAE,275692,276093,3389,3383,2329886,0
884,2024,PAH,13429,13429,634,631,0,0
885,2024,PAM,292,292,5,3,73850,0
886,2024,PAO,6,6,5,7,0,0
887,2024,PAQ,3,3,13,14,23153,0
888,2024,PBG,92952,93237,1252,1251,968,0
889,2024,PBI,4084956,4103353,31645,31635,25545601,31904
890,2024,PBK,342,347,129,128,0,0
891,2024,PCD,2,2,1,2,0,0
892,2024,PCT,69,69,21,16,0,0
893,2024,PDB,116,116,119,119,558,2754
894,2024,PDK,143,143,37,36,0,0
895,2024,PDT,6579,6579,1085,1086,0,0
896,2024,PDX,8223580,8239244,81043,81597,223627793,14464533
897,2024,PEC,892,903,407,412,36206,3917
898,2024,PGA,19452,19452,1527,1794,0,0
899,2024,PGD,957078,958157,6261,6251,0,0
900,2024,PGM,2275,2733,1713,1721,1625,650
901,2024,PGO,13,13,1,1,0,0
902,2024,PGV,42265,42541,1044,1049,317,0
903,2024,PHF,68669,69342,1655,1656,736,0
904,2024,PHK,2,2,6,9,0,0
905,2024,PHL,13195311,13231652,129624,129854,330004946,19380995
906,2024,PHO,3998,4537,1552,1554,40845,32748
907,2024,PHX,24145821,24290346,208622,208453,305428045,12503778
908,2024,PIA,342550,343702,4970,4974,10090791,25839
909,2024,PIB,15190,17248,633,629,0,0
910,2024,PIE,1227639,1229765,8336,8322,83946,0
911,2024,PIH,24601,25303,967,1175,255152,0
912,2024,PIP,218,350,344,344,11327,21288
913,2024,PIR,14880,14880,872,888,94038,0
914,2024,PIT,4742054,4782209,51528,51576,80644301,4555962
915,2024,PIZ,1625,1735,657,659,43733,3963
916,2024,PKA,1604,1655,1060,1060,10439,9834
917,2024,PKB,4347,6857,620,619,0,0
918,2024,PLN,31031,31031,1109,1290,223326,0
919,2024,PML,134,137,76,76,2028,2125
920,2024,PNE,118,118,30,23,0,0
921,2024,PNN,4,4,2,2,0,0
922,2024,PNS,1528070,1537569,15781,15828,5446855,2715654
923,2024,POB,378,425,5,5,0,0
924,2024,POU,12,12,5,4,0,0
925,2024,PPC,736,737,129,133,3188,0
926,2024,PPG,31421,31421,180,180,600748,21711
927,2024,PPM,3,3,1,3,0,0
928,2024,PPV,27,38,87,90,3494,8468
929,2024,PQI,21608,21608,839,1085,112966,0
930,2024,PQS,3467,4417,2832,2833,18142,31647
931,2024,PR1,48,48,8,8,0,0
932,2024,PRB,22,22,27,32,38630,0
933,2024,PRC,25290,25290,749,748,0,0
934,2024,PSC,476639,478038,7243,6416,1492972,0
935,2024,PSE,137553,137553,926,930,0,0
936,2024,PSF,34,34,15,12,0,0
937,2024,PSG,25209,55082,1227,1229,2260808,501776
938,2024,PSK,0,0,5,6,0,0
939,2024,PSM,57063,57377,453,455,154733,0
940,2024,PSP,1421454,1433120,14646,14653,277749,3597
941,2024,PTA,131,131,210,209,154,10408
942,2024,PTD,127,126,97,97,402,1150
943,2024,PTH,419,777,457,457,53763,87027
944,2024,PTK,424,424,208,237,69380,0
945,2024,PTL,12,31,26,25,690,970
946,2024,PTU,505,515,401,403,13414,22323
947,2024,PTW,2,2,2,2,0,0
948,2024,PUB,1381,2362,406,409,2115,0
949,2024,PUC,0,0,2,2,0,0
950,2024,PUL,3,3,6,8,0,0
951,2024,PUW,64580,64623,1073,1071,2419,0
952,2024,PVC,6882,6882,1486,1490,0,0
953,2024,PVD,1984163,1990470,20946,20812,11597508,0
954,2024,PVU,455039,455810,3498,3492,3509,0
955,2024,PWA,10,10,1,1,0,0
956,2024,PWK,241,241,78,77,0,0
957,2024,PWM,1221697,1222376,14285,14075,7300248,0
958,2024,PWT,3,3,5,5,0,0
959,2024,PYM,33,33,9,12,0,0
960,2024,QAJ,8,8,2,2,0,0
961,2024,QMA,5,5,2,2,0,0
962,2024,QMN,9,9,2,3,0,0
963,2024,QQB,11,11,4,4,0,416
964,2024,QQT,4,4,1,1,0,0
965,2024,QQU,2,2,1,1,0,0
966,2024,QQY,0,0,4,4,5196,0
967,2024,RAC,9,9,2,3,1140,0
968,2024,RAL,0,0,1,1,0,0
969,2024,RAP,418123,423025,5881,5894,1433160,414
970,2024,RBD,2,2,1,2,0,0
971,2024,RBG,0,0,680,546,120567,0
972,2024,RBH,6464,6464,1172,1176,49675,0
973,2024,RBK,2,2,1,1,0,0
974,2024,RBL,3,3,1,1,0,0
975,2024,RBN,20320,20320,2669,2659,0,0
976,2024,RBW,2,2,1,2,0,0
977,2024,RBY,2089,3554,823,824,90316,50191
978,2024,RCA,127,127,4,2,13801,0
979,2024,RCE,4699,4699,1164,1502,5,0
980,2024,RDB,15159,15203,813,862,653564,11252
981,2024,RDD,88565,88565,2302,2160,875468,0
982,2024,RDG,81,629,14,10,0,0
983,2024,RDM,601149,601574,8772,8945,832738,0
984,2024,RDU,7285042,7328063,66919,67108,69267215,1077778
985,2024,RDV,44,75,129,132,16045,16591
986,2024,RFD,131605,138744,11078,11003,465421353,28350185
987,2024,RHI,24813,24813,1118,1261,284763,0
988,2024,RIC,2455831,2486507,27600,27602,84742048,3310659
989,2024,RIL,132,132,32,36,0,0
990,2024,RIV,1776,1776,869,869,45608396,0
991,2024,RIW,21624,21624,627,627,0,0
992,2024,RKD,7282,7282,1383,1381,0,0
993,2024,RKS,21533,21564,929,885,112705,0
994,2024,RLU,2,2,3,3,0,0
995,2024,RME,119,119,6,5,6000,0
996,2024,RMN,12,12,1,1,0,0
997,2024,RMP,540,720,315,316,20672,7321
998,2024,RNO,2342128,2354499,24987,24809,65548126,251808
999,2024,RNT,1937,2218,564,565,0,0
1000,2024,ROA,381985,382595,7486,7506,10363092,0
1001,2024,ROC,1331446,1335318,16783,16860,33070822,0
1002,2024,ROG,17,17,4,4,0,0
1003,2024,ROP,10717,10717,2851,3205,420879,0
1004,2024,ROW,48729,48908,1000,998,500,0
1005,2024,RQE,0,0,5,1,1337,0
1006,2024,RSH,2748,2840,1652,1650,7032,15502
1007,2024,RSJ,1419,1419,449,455,0,0
1008,2024,RST,98436,101938,2470,2657,7452215,41
1009,2024,RSW,5252997,5279987,38303,38298,15753395,31358
1010,2024,RUT,4481,4481,905,894,0,0
1011,2024,RWI,16,16,12,12,65242,0
1012,2024,SAA,39,39,5,4,0,0
1013,2024,SAC,15,15,4,5,0,0
1014,2024,SAD,60,60,13,12,0,0
1015,2024,SAF,180127,180132,3417,3426,0,0
1016,2024,SAN,12277942,12384394,97741,97804,100134869,8121843
1017,2024,SAT,5109821,5190902,45773,45676,93395164,7289063
1018,2024,SAV,2020183,2034700,21833,21851,10305814,97
1019,2024,SBA,695993,699776,8721,8788,949349,0
1020,2024,SBD,19975,20009,4554,4415,269705334,926942
1021,2024,SBN,454755,456286,7587,7601,8764092,0
1022,2024,SBP,366112,366112,5984,6154,388652,0
1023,2024,SBY,60295,60490,1834,1833,26416,0
1024,2024,SC6,6,6,2,2,0,0
1025,2024,SC7,2,2,1,1,0,0
1026,2024,SCC,96969,97670,3030,2960,4908706,7204859
1027,2024,SCE,134040,134075,3797,3752,1207682,0
1028,2024,SCF,41097,42045,2157,2148,0,0
1029,2024,SCH,9,9,5,7,0,0
1030,2024,SCK,63635,63655,1222,1226,50131602,0
1031,2024,SCM,3719,4911,1548,1548,46788,71010
1032,2024,SDF,2342487,2381507,74603,73963,2783912290,322487696
1033,2024,SDM,30,30,15,12,33525,0
1034,2024,SDP,2835,6154,1109,1146,1190351,839586
1035,2024,SDX,8,8,6,6,0,0
1036,2024,SDY,7331,7331,1681,1684,490,0
1037,2024,SEA,22279609,22288303,191107,191040,349031837,14452644
1038,2024,SEE,79,79,11,10,0,0
1039,2024,SEF,3,3,2,1,0,0
1040,2024,SFB,1381808,1384838,9448,9444,8660,0
1041,2024,SFF,28,28,7,7,0,0
1042,2024,SFM,3,3,2,2,0,0
1043,2024,SFO,17631272,17666714,138571,138528,218234842,8795256
1044,2024,SGF,702267,703480,11246,11258,13188937,0
1045,2024,SGR,11,11,2,1,0,0
1046,2024,SGU,161127,161254,3340,3288,307530,0
1047,2024,SGY,4607,5458,1273,1271,64985,50795
1048,2024,SHD,8717,8717,630,621,0,0
1049,2024,SHG,1571,3327,1000,1001,133418,68475
1050,2024,SHH,3282,3533,1188,1190,45961,37683
1051,2024,SHN,0,0,2,2,0,0
1052,2024,SHR,29458,29459,730,730,0,0
1053,2024,SHV,352177,358096,6864,6909,18436684,1334
1054,2024,SHX,230,453,391,391,57527,33158
1055,2024,SIG,16765,16765,3070,3045,608,0
1056,2024,SIT,98066,129886,4203,4214,6011493,2262753
1057,2024,SIY,5,5,1,2,0,0
1058,2024,SJC,5502643,5547234,52111,51995,34333107,12237
1059,2024,SJT,49493,50057,1438,1735,420078,0
1060,2024,SJU,5726986,5743421,51483,51433,140644217,6119911
1061,2024,SKA,66,66,1,1,0,0
1062,2024,SKF,170,170,4,4,0,0
1063,2024,SKJ,40,46,28,26,0,0
1064,2024,SKK,1745,3522,1240,1240,64349,50946
1065,2024,SKW,103,108,157,168,8368,3236
1066,2024,SLC,12883266,12910474,118793,118258,153729267,13370279
1067,2024,SLE,28116,28116,766,767,518544,0
1068,2024,SLK,4838,4845,1080,1058,0,0
1069,2024,SLN,19595,21160,748,756,0,0
1070,2024,SLQ,125,166,211,210,9195,16369
1071,2024,SME,3,3,1,1,0,0
1072,2024,SMF,6469089,6502669,59380,59582,98433756,137337
1073,2024,SMK,1866,3734,1500,1504,107497,48867
1074,2024,SMO,58,58,22,17,0,0
1075,2024,SMX,13506,13755,876,800,1007316,0
1076,2024,SNA,5188918,5207539,47578,47387,24740311,0
1077,2024,SNP,1620,1662,356,355,77549,62471
1078,2024,SNS,2,2,1,1,0,0
1079,2024,SOP,32,32,7,6,0,0
1080,2024,SOV,4309,5067,2633,2612,5475,4005
1081,2024,SOW,3654,3654,480,485,0,0
1082,2024,SPB,4483,4483,520,522,0,0
1083,2024,SPG,23,23,5,4,0,0
1084,2024,SPI,51784,52342,951,951,7883,0
1085,2024,SPN,79768,79826,12486,11917,1545708,53575
1086,2024,SPS,29699,33209,775,775,885,64
1087,2024,SQA,0,0,2,2,4086,0
1088,2024,SQL,1725,1725,484,483,0,0
1089,2024,SQV,4,4,2,2,0,0
1090,2024,SRQ,2103213,2111730,16602,16605,111651,0
1091,2024,SRV,73,101,141,145,2778,5611
1092,2024,SSB,4872,4872,522,520,0,0
1093,2024,SSC,0,0,1,2,0,0
1094,2024,SSF,7,7,2,2,0,0
1095,2024,SSI,26,26,8,6,0,0
1096,2024,STC,23876,23876,164,162,0,0
1097,2024,STG,256,297,215,216,15021,11873
1098,2024,STL,7569385,7636845,72091,72165,79488040,2945
1099,2024,STP,28,28,8,7,0,0
1100,2024,STS,382401,382401,5356,5356,1917,0
1101,2024,STT,816576,816618,18464,18773,160839,0
1102,2024,STX,264871,265139,12852,13147,128631,0
1103,2024,SUA,62,62,26,23,0,0
1104,2024,SUN,120985,120985,2566,2590,132811,0
1105,2024,SUO,10,10,5,5,0,0
1106,2024,SUS,47,47,27,29,3254,0
1107,2024,SUU,276,276,49,40,2768655,0
1108,2024,SUX,28289,28412,745,747,0,0
1109,2024,SVA,3199,4467,1184,1184,65955,91471
1110,2024,SVC,6915,6915,1245,1248,0,0
1111,2024,SVH,8,8,6,3,0,0
1112,2024,SVN,320,320,4,7,0,0
1113,2024,SVS,266,525,202,203,23062,6436
1114,2024,SVW,0,0,5,5,56602,0
1115,2024,SWD,9,13,15,14,170,0
1116,2024,SWF,91881,95044,1232,1394,15992136,1114516
1117,2024,SWO,34729,34729,761,759,25464,0
1118,2024,SWW,0,0,3,3,4872,0
1119,2024,SXP,1291,1914,1313,1309,14692,9799
1120,2024,SXQ,14,21,16,15,0,0
1121,2024,SXY,3,3,1,1,0,0
1122,2024,SYB,133,149,126,130,2179,1231
1123,2024,SYI,11,11,1,1,0,0
1124,2024,SYR,1486254,1494612,18450,18454,36538056,2490370
1125,2024,T4X,1249,1255,62,66,0,0
1126,2024,T6X,8,8,1,1,0,0
1127,2024,T8X,7,7,7,9,9526,0
1128,2024,TAL,1702,2079,458,467,44127,9231
1129,2024,TBN,11237,11237,598,594,0,0
1130,2024,TCL,3451,3501,91,86,17545,0
1131,2024,TCM,144,144,8,2,8134,0
1132,2024,TCS,0,0,1,1,0,0
1133,2024,TCT,363,433,220,224,19954,889
1134,2024,TDZ,0,0,1,1,0,0
1135,2024,TEB,7518,7518,1808,1740,15901,0
1136,2024,TEK,610,616,244,243,23969,15439
1137,2024,TEX,10580,10580,614,613,0,0
1138,2024,TIK,111,111,2,1,0,0
1139,2024,TIQ,30538,30538,9385,9708,91304,0
1140,2024,TIW,31,31,13,13,0,0
1141,2024,TIX,22,22,4,4,0,0
1142,2024,TKE,495,875,391,395,16716,6299
1143,2024,TKF,1094,1094,285,287,4,0
1144,2024,TKJ,407,413,409,409,43540,20807
1145,2024,TLA,1310,2883,756,758,46390,50368
1146,2024,TLH,469187,473651,8518,8629,8074162,0
1147,2024,TLJ,18,19,19,23,25675,0
1148,2024,TLT,2628,2703,1476,1478,16894,9006
1149,2024,TMB,41,36,20,18,0,0
1150,2024,TN8,508,508,82,84,0,0
1151,2024,TN9,17,17,2,1,0,0
1152,2024,TNC,91,309,100,100,31300,3859
1153,2024,TNK,1554,2650,1135,1134,27039,53025
1154,2024,TOA,4,4,1,1,0,0
1155,2024,TOG,3030,3537,1442,1443,46461,36311
1156,2024,TOL,66438,66781,1132,1129,18188940,0
1157,2024,TPA,11362891,11407613,86286,86359,82516234,7483379
1158,2024,TPF,20,20,5,1,0,0
1159,2024,TRI,229758,231077,4277,4280,1900,131
1160,2024,TRM,103,114,47,48,0,0
1161,2024,TSG,23,23,3,3,0,0
1162,2024,TSM,5118,5168,311,315,0,0
1163,2024,TSS,62,62,30,32,0,0
1164,2024,TTD,11,11,3,3,0,0
1165,2024,TTN,241769,241887,1774,1783,0,0
1166,2024,TUL,1625731,1665687,20396,20405,51559211,4879
1167,2024,TUP,16171,16175,769,767,2505,0
1168,2024,TUS,1956368,1974784,20491,20523,25464458,0
1169,2024,TVC,392998,393589,5665,5695,38230,0
1170,2024,TVF,8675,8675,1075,1079,2192228,0
1171,2024,TVI,7,7,2,2,0,0
1172,2024,TVL,15,15,6,5,0,0
1173,2024,TWA,661,2046,616,615,11606,83884
1174,2024,TWD,8,8,3,3,0,0
1175,2024,TWF,31641,33472,1103,1415,617677,0
1176,2024,TX6,0,0,1,1,0,0
1177,2024,TXK,36300,37230,741,741,934,0
1178,2024,TXX,4,4,1,2,0,0
1179,2024,TYE,1261,1491,950,1339,90041,4526
1180,2024,TYR,51275,51275,1098,1098,465,0
1181,2024,TYS,1638690,1643661,20819,20817,27882516,51695
1182,2024,UAM,0,0,9,6,626203,0
1183,2024,UBF,110,110,45,45,0,0
1184,2024,UDD,18,23,9,14,0,0
1185,2024,UES,0,0,1,1,0,0
1186,2024,UGB,4,4,2,2,0,0
1187,2024,UGI,36,68,70,69,2564,2339
1188,2024,UGN,79,79,43,41,0,0
1189,2024,UGS,52,130,203,203,4328,15971
1190,2024,UIN,4105,4108,1519,1510,0,0
1191,2024,UKI,0,0,305,307,212121,0
1192,2024,UMT,69,69,42,37,32028,0
1193,2024,UNK,7030,8814,3564,3585,1061755,3708267
1194,2024,UOX,130,130,7,7,0,0
1195,2024,USA,131923,132323,938,937,0,0
1196,2024,UST,30,28,7,10,0,0
1197,2024,UT1,36,36,14,14,0,0
1198,2024,UTO,20,20,16,14,118074,0
1199,2024,UUK,0,0,48,48,1507336,0
1200,2024,UXO,4,4,2,1,0,0
1201,2024,UXR,1003,1003,89,89,0,0
1202,2024,VA4,7,7,2,4,0,0
1203,2024,VA5,5,5,3,3,0,0
1204,2024,VA8,23,23,9,10,0,0
1205,2024,VAK,5426,7259,2277,2281,46973,83556
1206,2024,VCT,14006,14007,630,631,0,0
1207,2024,VCV,2577,2577,48,47,2646,0
1208,2024,VDI,7,7,2,1,0,0
1209,2024,VDZ,2874,2891,345,342,14697,0
1210,2024,VEE,1532,2806,780,791,84988,62285
1211,2024,VEL,10571,10571,623,624,0,0
1212,2024,VGC,15,15,4,4,0,0
1213,2024,VGT,24,24,7,21,0,0
1214,2024,VIK,43,52,38,39,8738,711
1215,2024,VIS,9,9,671,928,685571,0
1216,2024,VJI,15,15,2,2,0,0
1217,2024,VLD,46739,46739,767,768,0,0
1218,2024,VNC,24,24,8,11,0,0
1219,2024,VNY,1371,1397,419,443,0,0
1220,2024,VOK,322,322,3,2,0,0
1221,2024,VPS,1164725,1165928,9976,9978,6271,0
1222,2024,VQS,37750,37750,7808,8045,1035,53451
1223,2024,VRB,88264,88478,909,907,0,0
1224,2024,VSF,2,2,1,1,0,0
1225,2024,VUO,9,9,7,8,0,0
1226,2024,VWD,9,9,2,1,0,0
1227,2024,VWE,1,1,5,5,0,0
1228,2024,VWK,121,121,31,29,0,0
1229,2024,VWO,4,4,2,2,0,0
1230,2024,VWS,2,2,1,1,0,0
1231,2024,VZY,171,171,12,12,6415,0
1232,2024,WA5,6,6,1,1,0,0
1233,2024,WAA,1043,1391,513,515,44817,25873
1234,2024,WBB,2192,3597,1458,1459,44507,31747
1235,2024,WBQ,831,1028,396,399,32126,5381
1236,2024,WCR,29,29,25,25,0,0
1237,2024,WFB,5798,5799,2855,2804,706219,752053
1238,2024,WGO,14,14,2,1,0,0
1239,2024,WHD,56,54,69,69,1068,3091
1240,2024,WI7,4,4,1,1,0,0
1241,2024,WJF,1,1,1,1,0,0
1242,2024,WKV,1,1,1,1,0,0
1243,2024,WLK,4154,4625,1359,1358,76268,44123
1244,2024,WMK,1,6,27,29,451,721
1245,2024,WMO,1380,3443,1005,1005,119860,86425
1246,2024,WNA,1795,1859,1447,1449,44596,16762
1247,2024,WQC,1,1,2,1,0,0
1248,2024,WRG,14560,57466,1159,1161,1951333,565991
1249,2024,WRI,417,417,9,3,0,0
1250,2024,WSH,6,6,6,6,0,0
1251,2024,WSN,63,242,224,224,5006,9329
1252,2024,WST,12289,12388,3275,3250,23923,0
1253,2024,WSX,1014,1014,400,426,5,0
1254,2024,WTK,4062,4766,1292,1294,54553,18653
1255,2024,WTL,3474,4227,2241,2242,39182,40674
1256,2024,WVI,0,0,1,1,0,0
1257,2024,WVL,34,34,10,7,0,0
1258,2024,WWA,7,7,2,2,0,0
1259,2024,WWD,12,12,5,4,0,0
1260,2024,WWP,2,10,98,100,8648,18530
1261,2024,WWT,1924,2637,1501,1497,11782,43445
1262,2024,WYS,9565,9565,310,310,0,0
1263,2024,XNA,1123076,1127164,15601,15608,15310,0
1264,2024,XWA,99718,99730,2314,2363,223692,0
1265,2024,XWW,6,6,3,1,0,0
1266,2024,XXN,0,0,1,1,720,0
1267,2024,XXP,0,0,8,8,9440,0
1268,2024,XXS,6,6,3,3,0,0
1269,2024,XXY,0,0,1,7,63,0
1270,2024,YAK,11923,24681,1112,1112,2648207,351052
1271,2024,YIP,3979,3997,909,914,1206954,0
1272,2024,YKM,41448,41924,1477,1285,1216061,0
1273,2024,YNG,480,1027,11,9,0,0
1274,2024,YUM,79786,79900,1793,1820,15675,0
1275,2024,ZNC,0,0,3,3,1444,0
1276,2024,ZXC,0,0,1,8,83,0
1277,2024,ZXF,1,1,3,3,4200,0
1278,2024,ZXH,4,4,3,3,0,0
1279,2024,ZXU,70,70,21,20,0,0
