<?xml version="1.0" encoding="UTF-8"?>
<metadata>
<idinfo>
<citation><citeinfo>
<origin>Steve Rosenberry</origin>
<pubdate>2010-10-14</pubdate>
<title>Pennsylvania Hospitals</title>
<geoform>Point</geoform>
<pubinfo>
<pubplace></pubplace>
<publish></publish>
</pubinfo>
<onlink>\\DH0029136\C$\Documents and Settings\strosenber\My Documents\Steve\Map Projects\hospitals\HOSPITAL.shp</onlink>
</citeinfo>
</citation>
<descript>
<abstract>Pennsylvania Hospitals that are licensed or approved by the PA Dept. of Health and Public Welfare or part of the Facilities Resource Emergency Database (FRED).  Licensed or approved hospitals are those identified from the July 1, 2008 to June 30, 2009 reporting period.</abstract>
<purpose>This layer was developed for use by emergency service organizations and the general public.</purpose>
<supplinf>The PA Dept. of Health's Bureau of Health Statistics and Research collects hospital data in the annual survey of hospitals.  This shapefile was created using much of this information along with some data from FRED.  The hospital addresses were geocoded.  These geocoded locations were checked against PA aerial photo web services from the Pennsylvania Spatial Data Access (PASDA) website.  Where appropriate, the geocoded locations (points) were rectified.  Some locations could not be rectified.</supplinf>
</descript>
<timeperd><timeinfo><sngdate><caldate>10/14/2010</caldate></sngdate></timeinfo>
</timeperd>
<current>Publication date</current>
<progress>Complete</progress>
<update>Annually</update>
<spdom><bounding><westbc>-80.496</westbc><eastbc>-74.867</eastbc><northbc>42.134</northbc><southbc>39.752</southbc></bounding></spdom>
<keywords>
<theme>
<themekt>Data Basin free form keywords</themekt>
<themekey>Hospitals</themekey>
<themekey>Pennsylvania</themekey>
</theme>
</keywords>
<accconst>None</accconst>
<useconst>This shapefile was created using the most accurate data available.  However, the PA Dept. of Health hospital survey does not capture all hospital locations.  Some health systems report a single location for multiple hospitals.  The PA Dept. of Health does not assume responsibility for the accuracy and/or completeness of this file.</useconst>
<ptcontac>
<cntinfo>
<cntperp><cntper>Steve Rosenberry</cntper><cntorg>PA Dept. of Health, Bureau of Health Statistics and Research</cntorg></cntperp>
<cntpos>Geospatial Technology Specialist</cntpos>
<cntaddr>
<addrtype>POSTAL</addrtype>
<address>555 Walnut St 6th Floor, Bureau of Health Statistics and Research</address>
<city>Harrisburg</city>
<state>PA</state>
<postal>17101</postal>
<country>USA</country>
</cntaddr>
<cntvoice>717-783-2548</cntvoice>
<cntemail>strosenber@state.pa.us</cntemail>
</cntinfo>
</ptcontac>
<datacred></datacred>
</idinfo>
<dataqual>
<attracc>
<attraccr></attraccr><qattracc>
<attraccv></attraccv>
<attracce></attracce>
</qattracc>
</attracc>
<logic></logic>
<complete></complete>
<posacc>
</posacc>
<lineage>
<procstep>
<procdesc>Metadata imported.</procdesc>
<srcused>C:\Documents and Settings\strosenber\My Documents\Steve\Map Projects\hospitals\hospitals_metadata.xml</srcused>
<procdate>Unknown</procdate>
</procstep>
<procstep>
<procdesc>Metadata imported.</procdesc>
<srcused>C:\Documents and Settings\strosenber\My Documents\Steve\Map Projects\hospitals\hospitals_metadata.xml</srcused>
<procdate>20081104</procdate>
</procstep>
<procstep>
<procdesc>Metadata imported.</procdesc>
<srcused>C:\Documents and Settings\strosenber\My Documents\Steve\Map Projects\hospitals\hospitals_metadata.xml</srcused>
<procdate>20091123</procdate>
</procstep>
<procstep>
<procdesc>Metadata imported.</procdesc>
<srcused>C:\Documents and Settings\strosenber\My Documents\Steve\Map Projects\hospitals\hospitals_metadata.xml</srcused>
<procdate>20100818</procdate>
</procstep>
<procstep>
<procdesc>Metadata imported.</procdesc>
<srcused>C:\Documents and Settings\strosenber\My Documents\Steve\Map Projects\hospitals\hospitals_metadata.xml</srcused>
<procdate>20101014</procdate>
</procstep>
</lineage>
</dataqual>
<spdoinfo>
<direct>Vector</direct>
<ptvctinf>
<sdtsterm><sdtstype>Entity point</sdtstype>
<ptvctcnt>275</ptvctcnt></sdtsterm>
</ptvctinf>
</spdoinfo>
<spref>
<horizsys>
<geograph><latres></latres><longres></longres><geogunit></geogunit></geograph>
<geodetic>
<horizdn>D_WGS_1984</horizdn><ellips>WGS_1984</ellips><semiaxis>6378137.000000</semiaxis><denflat>298.257222</denflat>
</geodetic>
</horizsys>
</spref>
<eainfo>
<detailed>
<enttyp>
<enttypl>HOSPITAL</enttypl>/n<enttypd></enttypd>/n<enttypds></enttypds>
</enttyp><attr>
<attrlabl>FID</attrlabl>
<attrdef>Internal feature number.</attrdef>
<attrdefs>ESRI</attrdefs>
<attrdomv><udom>Sequential unique whole numbers that are automatically generated.</udom></attrdomv></attr>
<attr>
<attrlabl>SHAPE</attrlabl>
<attrdef>Feature geometry.</attrdef>
<attrdefs>ESRI</attrdefs>
<attrdomv><udom>Coordinates defining the features.</udom></attrdomv></attr>
<attr>
<attrlabl>PROVIDERID</attrlabl>
<attrdef>Number which uniquely identifies hospitals in the Facility Resources Emergency Database (FRED).</attrdef>
<attrdefs>FRED</attrdefs>
<attrdomv><rdom><rdommin>0</rdommin><rdommax>2587</rdommax><attrunit></attrunit><attrmres></attrmres></rdom></attrdomv>
</attr>
<attr>
<attrlabl>BB_ID</attrlabl>
<attrdef>Broadband ID.  This is the unique identifier for the broadband initiative in DCED.</attrdef>
<attrdefs>PA Dept. of Health.</attrdefs>
<attrdomv><udom></udom></attrdomv></attr>
<attr>
<attrlabl>FAC_ID</attrlabl>
<attrdef>Facility ID number.</attrdef>
<attrdefs>Hospitals survey.</attrdefs>
<attrdomv><udom></udom></attrdomv></attr>
<attr>
<attrlabl>HOSP_ID</attrlabl>
<attrdef>Hosptial ID.</attrdef>
<attrdefs>PA Dept of Health.</attrdefs>
<attrdomv><udom></udom></attrdomv></attr>
<attr>
<attrlabl>FACILITY</attrlabl>
<attrdef>Hospital facility.</attrdef>
<attrdefs>PA Dept of Health.</attrdefs>
<attrdomv><udom></udom></attrdomv></attr>
<attr>
<attrlabl>STREET</attrlabl>
<attrdef>Street.</attrdef>
<attrdefs>PA Dept. of Health.</attrdefs>
<attrdomv><udom></udom></attrdomv></attr>
<attr>
<attrlabl>CITY</attrlabl>
<attrdef>City.</attrdef>
<attrdefs>PA Dept. of Health.</attrdefs>
<attrdomv><udom></udom></attrdomv></attr>
<attr>
<attrlabl>ZIP</attrlabl>
<attrdef>ZIP code.</attrdef>
<attrdefs>PA Dept. of Health.</attrdefs>
<attrdomv><udom></udom></attrdomv></attr>
<attr>
<attrlabl>X</attrlabl>
<attrdef>Longitude.</attrdef>
<attrdefs>PA Dept. of Health.</attrdefs>
<attrdomv><rdom><rdommin>-80.496213</rdommin><rdommax>-74.866978</rdommax><attrunit></attrunit><attrmres></attrmres></rdom></attrdomv>
</attr>
<attr>
<attrlabl>Y</attrlabl>
<attrdef>Latitude.</attrdef>
<attrdefs>PA Dept. of Health.</attrdefs>
<attrdomv><rdom><rdommin>39.751691</rdommin><rdommax>42.133962</rdommax><attrunit></attrunit><attrmres></attrmres></rdom></attrdomv>
</attr>
<attr>
<attrlabl>DOH_PHONE</attrlabl>
<attrdef>Hospital phone number.</attrdef>
<attrdefs>PA Dept. of Health Hospital Survey.</attrdefs>
<attrdomv><udom></udom></attrdomv></attr>
<attr>
<attrlabl>FRED_PHONE</attrlabl>
<attrdef>Hospital phone number.</attrdef>
<attrdefs>FRED.</attrdefs>
<attrdomv><udom></udom></attrdomv></attr>
<attr>
<attrlabl>FRED_FAX</attrlabl>
<attrdef>Hospital fax number.</attrdef>
<attrdefs>FRED.</attrdefs>
<attrdomv><udom></udom></attrdomv></attr>
<attr>
<attrlabl>FRED_PAGER</attrlabl>
<attrdef>Hospital contact pager number.</attrdef>
<attrdefs>FRED.</attrdefs>
<attrdomv><udom></udom></attrdomv></attr>
<attr>
<attrlabl>FRED_CONTA</attrlabl>
<attrdef>FRED contact at hospital.</attrdef>
<attrdefs>FRED.</attrdefs>
<attrdomv><udom></udom></attrdomv></attr>
<attr>
<attrlabl>FRED_CON_1</attrlabl>
<attrdef>Contact title.</attrdef>
<attrdefs>FRED.</attrdefs>
<attrdomv><udom></udom></attrdomv></attr>
<attr>
<attrlabl>FRED_EMAIL</attrlabl>
<attrdef>Email address for FRED contact.</attrdef>
<attrdefs>FRED.</attrdefs>
<attrdomv><udom></udom></attrdomv></attr>
<attr>
<attrlabl>LOC_METHOD</attrlabl>
<attrdef>Point location creation method.</attrdef>
<attrdefs>PA Dept of Health.  G=Geocoded address.  R=Point rectified to hospital rooftop using aerial photography.</attrdefs>
<attrdomv><udom></udom></attrdomv></attr>
<attr>
<attrlabl>ARC_STREET</attrlabl>
<attrdef>Street address from geocoding process.</attrdef>
<attrdefs>PA Dept. of Health.</attrdefs>
<attrdomv><udom></udom></attrdomv></attr>
<attr>
<attrlabl>ARC_ZONE</attrlabl>
<attrdef>ZIP code from geocoding process.</attrdef>
<attrdefs>PA Dept. of Health.</attrdefs>
<attrdomv><udom></udom></attrdomv></attr>
<attr>
<attrlabl>COUNTY</attrlabl>
<attrdef>County name where hospital is located.</attrdef>
<attrdefs>PA Dept. of Health.</attrdefs>
<attrdomv><udom></udom></attrdomv></attr>
<attr>
<attrlabl>FRED_HOSP</attrlabl>
<attrdef>FRED Hospital.</attrdef>
<attrdefs>PA Dept. of Health.  Y=Yes.  N=No.</attrdefs>
<attrdomv><udom></udom></attrdomv></attr>
<attr>
<attrlabl>DOH_HOSP</attrlabl>
<attrdef>DOH Hospital from hospital survey.</attrdef>
<attrdefs>PA Dept. of Health.  Y=Yes.  N=No.</attrdefs>
<attrdomv><udom></udom></attrdomv></attr>
<attr>
<attrlabl>TYP_ORG</attrlabl>
<attrdef>Type of Organization.</attrdef>
<attrdefs>PA Dept. of Health.</attrdefs>
<attrdomv><udom></udom></attrdomv></attr>
<attr>
<attrlabl>TYP_SERV</attrlabl>
<attrdef>Type of Service.</attrdef>
<attrdefs>PA Dept. of Health.</attrdefs>
<attrdomv><udom></udom></attrdomv></attr>
<attr>
<attrlabl>LTC</attrlabl>
<attrdef>Long-term care.</attrdef>
<attrdefs>PA Dept. of Health.  Y=Yes.  N=No.</attrdefs>
<attrdomv><udom></udom></attrdomv></attr>
<attr>
<attrlabl>BASSINETS</attrlabl>
<attrdef>Number of bassinets.</attrdef>
<attrdefs>PA Dept. of Health.</attrdefs>
<attrdomv><rdom><rdommin>0</rdommin><rdommax>80</rdommax><attrunit></attrunit><attrmres></attrmres></rdom></attrdomv>
</attr>
<attr>
<attrlabl>BIRTHING_R</attrlabl>
<attrdef>Number of birthing rooms.</attrdef>
<attrdefs>PA Dept. of Health.</attrdefs>
<attrdomv><rdom><rdommin>0</rdommin><rdommax>22</rdommax><attrunit></attrunit><attrmres></attrmres></rdom></attrdomv>
</attr>
<attr>
<attrlabl>DELIV_RMS</attrlabl>
<attrdef>Number of delivery rooms.</attrdef>
<attrdefs>PA Dept. of Health.</attrdefs>
<attrdomv><rdom><rdommin>0</rdommin><rdommax>12</rdommax><attrunit></attrunit><attrmres></attrmres></rdom></attrdomv>
</attr>
<attr>
<attrlabl>LABOR_RMS</attrlabl>
<attrdef>Number of labor rooms.</attrdef>
<attrdefs>PA Dept. of Health.</attrdefs>
<attrdomv><rdom><rdommin>0</rdommin><rdommax>10</rdommax><attrunit></attrunit><attrmres></attrmres></rdom></attrdomv>
</attr>
<attr>
<attrlabl>NEO2_BEDS</attrlabl>
<attrdef>Number of neonatal level II beds.</attrdef>
<attrdefs>PA Dept. of Health.</attrdefs>
<attrdomv><rdom><rdommin>0</rdommin><rdommax>27</rdommax><attrunit></attrunit><attrmres></attrmres></rdom></attrdomv>
</attr>
<attr>
<attrlabl>NEO2_SUS_B</attrlabl>
<attrdef>Number of neonatal level II beds set up and staffed.</attrdef>
<attrdefs>PA Dept. of Health.</attrdefs>
<attrdomv><rdom><rdommin>0</rdommin><rdommax>27</rdommax><attrunit></attrunit><attrmres></attrmres></rdom></attrdomv>
</attr>
<attr>
<attrlabl>NEO3_BEDS</attrlabl>
<attrdef>Number of neonatal level III beds.</attrdef>
<attrdefs>PA Dept. of Health.</attrdefs>
<attrdomv><rdom><rdommin>0</rdommin><rdommax>75</rdommax><attrunit></attrunit><attrmres></attrmres></rdom></attrdomv>
</attr>
<attr>
<attrlabl>NEO3_SUS_B</attrlabl>
<attrdef>Number of neonatal level III beds set up and staffed.</attrdef>
<attrdefs>PA Dept. of Health.</attrdefs>
<attrdomv><rdom><rdommin>0</rdommin><rdommax>66</rdommax><attrunit></attrunit><attrmres></attrmres></rdom></attrdomv>
</attr>
<attr>
<attrlabl>BURN_CARE</attrlabl>
<attrdef>Burn care.</attrdef>
<attrdefs>PA Dept. of Health.  Y=Yes.  N=No.</attrdefs>
<attrdomv><udom></udom></attrdomv></attr>
<attr>
<attrlabl>BC_BEDS</attrlabl>
<attrdef>Number of burn care beds.</attrdef>
<attrdefs>PA Dept. of Health.</attrdefs>
<attrdomv><rdom><rdommin>0</rdommin><rdommax>18</rdommax><attrunit></attrunit><attrmres></attrmres></rdom></attrdomv>
</attr>
<attr>
<attrlabl>BC_SUS_BED</attrlabl>
<attrdef>Number of burn care beds set up and staffed.</attrdef>
<attrdefs>PA Dept. of Health.</attrdefs>
<attrdomv><rdom><rdommin>0</rdommin><rdommax>18</rdommax><attrunit></attrunit><attrmres></attrmres></rdom></attrdomv>
</attr>
<attr>
<attrlabl>CARDIAC</attrlabl>
<attrdef>Cardiac unit.</attrdef>
<attrdefs>PA Dept. of Health.  Y=Yes.  N=No.</attrdefs>
<attrdomv><udom></udom></attrdomv></attr>
<attr>
<attrlabl>CARD_BEDS</attrlabl>
<attrdef>Number of cardiac unit beds.</attrdef>
<attrdefs>PA Dept. of Health.</attrdefs>
<attrdomv><rdom><rdommin>0</rdommin><rdommax>189</rdommax><attrunit></attrunit><attrmres></attrmres></rdom></attrdomv>
</attr>
<attr>
<attrlabl>CARD_SUS_B</attrlabl>
<attrdef>Number of cardiac unit beds set up and staffed.</attrdef>
<attrdefs>PA Dept. of Health.</attrdefs>
<attrdomv><rdom><rdommin>0</rdommin><rdommax>177</rdommax><attrunit></attrunit><attrmres></attrmres></rdom></attrdomv>
</attr>
<attr>
<attrlabl>ICU</attrlabl>
<attrdef>Intensive care unit.</attrdef>
<attrdefs>PA Dept. of Health.  Y=Yes.  N=No.</attrdefs>
<attrdomv><udom></udom></attrdomv></attr>
<attr>
<attrlabl>ICU_BEDS</attrlabl>
<attrdef>Number of intensive care unit beds available.</attrdef>
<attrdefs>PA Dept. of Health.</attrdefs>
<attrdomv><rdom><rdommin>0</rdommin><rdommax>198</rdommax><attrunit></attrunit><attrmres></attrmres></rdom></attrdomv>
</attr>
<attr>
<attrlabl>ICU_SUS_BE</attrlabl>
<attrdef>Number of intensive care unit beds set up and staffed.</attrdef>
<attrdefs>PA Dept. of Health.</attrdefs>
<attrdomv><rdom><rdommin>0</rdommin><rdommax>194</rdommax><attrunit></attrunit><attrmres></attrmres></rdom></attrdomv>
</attr>
<attr>
<attrlabl>LIC_BEDS</attrlabl>
<attrdef>Number of licensed beds in hospital.</attrdef>
<attrdefs>PA Dept. of Health.</attrdefs>
<attrdomv><rdom><rdommin>0</rdommin><rdommax>1573</rdommax><attrunit></attrunit><attrmres></attrmres></rdom></attrdomv>
</attr>
<attr>
<attrlabl>BEDS_SUS</attrlabl>
<attrdef>Number of licensed beds set up and staffed.</attrdef>
<attrdefs>PA Dept. of Health.</attrdefs>
<attrdomv><rdom><rdommin>0</rdommin><rdommax>1485</rdommax><attrunit></attrunit><attrmres></attrmres></rdom></attrdomv>
</attr>
<attr>
<attrlabl>DETOX_ALC_</attrlabl>
<attrdef>Detoxification for alcohol and drugs.</attrdef>
<attrdefs>PA Dept of Health.  Y=Yes.  N=No.</attrdefs>
<attrdomv><udom></udom></attrdomv></attr>
<attr>
<attrlabl>OCC_THER</attrlabl>
<attrdef>Occupational therapy.</attrdef>
<attrdefs>PA Dept. of Health.  Y=Yes.  N=No.</attrdefs>
<attrdomv><udom></udom></attrdomv></attr>
<attr>
<attrlabl>PSYCH_INPA</attrlabl>
<attrdef>Psychiatric inpatient care services.</attrdef>
<attrdefs>PA Dept. of Health.  Y=Yes.  N=No.</attrdefs>
<attrdomv><udom></udom></attrdomv></attr>
<attr>
<attrlabl>BURN_CAR</attrlabl>
<attrdef>Burn care.</attrdef>
<attrdefs>PA Dept. of Health.  Y=Yes.  N=No.</attrdefs>
<attrdomv><udom></udom></attrdomv></attr>
<attr>
<attrlabl>HOSPICE</attrlabl>
<attrdef>Hospice.</attrdef>
<attrdefs>PA Dept. of Health.  Y=Yes.  N=No.</attrdefs>
<attrdomv><udom></udom></attrdomv></attr>
<attr>
<attrlabl>OPTOMETRY</attrlabl>
<attrdef>Optometry services.</attrdef>
<attrdefs>PA Dept. of Health.  Y=Yes.  N=No.</attrdefs>
<attrdomv><udom></udom></attrdomv></attr>
<attr>
<attrlabl>CARDIO_REH</attrlabl>
<attrdef>Cardiopulmonary rehabilitation.</attrdef>
<attrdefs>PA Dept. of Health.  Y=Yes.  N=No.</attrdefs>
<attrdomv><udom></udom></attrdomv></attr>
<attr>
<attrlabl>HYPER_CHAM</attrlabl>
<attrdef>Hyperbaric chamber.</attrdef>
<attrdefs>PA Dept. of Health.  Y=Yes.  N=No.</attrdefs>
<attrdomv><udom></udom></attrdomv></attr>
<attr>
<attrlabl>ORGAN_BANK</attrlabl>
<attrdef>Organ bank.</attrdef>
<attrdefs>PA Dept. of Health.  Y=Yes.  N=No.</attrdefs>
<attrdomv><udom></udom></attrdomv></attr>
<attr>
<attrlabl>CHEMO</attrlabl>
<attrdef>Chemotherapy.</attrdef>
<attrdefs>PA Dept. of Health.  Y=Yes.  N=No.</attrdefs>
<attrdomv><udom></udom></attrdomv></attr>
<attr>
<attrlabl>PHARMACY</attrlabl>
<attrdef>Pharmacy.</attrdef>
<attrdefs>PA Dept. of Health.  Y=Yes.  N=No.</attrdefs>
<attrdomv><udom></udom></attrdomv></attr>
<attr>
<attrlabl>CLIN_LAB</attrlabl>
<attrdef>Clinical laboratory.</attrdef>
<attrdefs>PA Dept. of Health.  Y=Yes.  N=No.</attrdefs>
<attrdomv><udom></udom></attrdomv></attr>
<attr>
<attrlabl>PHYS_THER</attrlabl>
<attrdef>Physical therapy.</attrdef>
<attrdefs>PA Dept. of Health.  Y=Yes.  N=No.</attrdefs>
<attrdomv><udom></udom></attrdomv></attr>
<attr>
<attrlabl>RESP_THER</attrlabl>
<attrdef>Respiratory therapy.</attrdef>
<attrdefs>PA Dept. of Health.  Y=Yes.  N=No.</attrdefs>
<attrdomv><udom></udom></attrdomv></attr>
<attr>
<attrlabl>CLIN_PSYCH</attrlabl>
<attrdef>Clinical psychology.</attrdef>
<attrdefs>PA Dept. of Health.  Y=Yes.  N=No.</attrdefs>
<attrdomv><udom></udom></attrdomv></attr>
<attr>
<attrlabl>NEUROLOGY</attrlabl>
<attrdef>Neurology.</attrdef>
<attrdefs>PA Dept. of Health.  Y=Yes.  N=No.</attrdefs>
<attrdomv><udom></udom></attrdomv></attr>
<attr>
<attrlabl>PODIATRY</attrlabl>
<attrdef>Podiatry.</attrdef>
<attrdefs>PA Dept. of Health.  Y=Yes.  N=No.</attrdefs>
<attrdomv><udom></udom></attrdomv></attr>
<attr>
<attrlabl>SOCIAL_WOR</attrlabl>
<attrdef>Social worker.</attrdef>
<attrdefs>PA Dept. of Health.  Y=Yes.  N=No.</attrdefs>
<attrdomv><udom></udom></attrdomv></attr>
<attr>
<attrlabl>GENE_COUNC</attrlabl>
<attrdef>Genetic counseling.</attrdef>
<attrdefs>PA Dept. of Health.  Y=Yes.  N=No.</attrdefs>
<attrdomv><udom></udom></attrdomv></attr>
<attr>
<attrlabl>NEURO_SURG</attrlabl>
<attrdef>Neurological surgery.</attrdef>
<attrdefs>PA Dept. of Health.  Y=Yes.  N=No.</attrdefs>
<attrdomv><udom></udom></attrdomv></attr>
<attr>
<attrlabl>SPEECH_PAT</attrlabl>
<attrdef>Speech pathology &amp; audiology.</attrdef>
<attrdefs>PA Dept. of Health.  Y=Yes.  N=No.</attrdefs>
<attrdomv><udom></udom></attrdomv></attr>
<attr>
<attrlabl>CARDIAC_CA</attrlabl>
<attrdef>Cardiac catheterization.</attrdef>
<attrdefs>PA Dept. of Health.  Y=Yes.  N=No.</attrdefs>
<attrdomv><udom></udom></attrdomv></attr>
<attr>
<attrlabl>LITHOTRIPS</attrlabl>
<attrdef>Lithotripsy.</attrdef>
<attrdefs>PA Dept. of Health.  Y=Yes.  N=No.</attrdefs>
<attrdomv><udom></udom></attrdomv></attr>
<attr>
<attrlabl>HEMODIAL_M</attrlabl>
<attrdef>Hemodialysis home care/mobile unit.</attrdef>
<attrdefs>PA Dept. of Health.  Y=Yes.  N=No.</attrdefs>
<attrdomv><udom></udom></attrdomv></attr>
<attr>
<attrlabl>HEMODIAL_C</attrlabl>
<attrdef>Hemodialysis chronic services only.</attrdef>
<attrdefs>PA Dept. of Health.  Y=Yes.  N=No.</attrdefs>
<attrdomv><udom></udom></attrdomv></attr>
<attr>
<attrlabl>CT_SCAN</attrlabl>
<attrdef>Computed Tomography (CT) scanner.</attrdef>
<attrdefs>PA Dept. of Health.  Y=Yes.  N=No.</attrdefs>
<attrdomv><udom></udom></attrdomv></attr>
<attr>
<attrlabl>DIAG_XRAY</attrlabl>
<attrdef>Diagnostic x-ray.</attrdef>
<attrdefs>PA Dept. of Health.  Y=Yes.  N=No.</attrdefs>
<attrdomv><udom></udom></attrdomv></attr>
<attr>
<attrlabl>MRI</attrlabl>
<attrdef>Magnetic resonance imaging (MRI)</attrdef>
<attrdefs>PA Dept. of Health.  Y=Yes.  N=No.</attrdefs>
<attrdomv><udom></udom></attrdomv></attr>
<attr>
<attrlabl>ULTRASOUND</attrlabl>
<attrdef>Utrasound.</attrdef>
<attrdefs>PA Dept. of Health.  Y=Yes.  N=No.</attrdefs>
<attrdomv><udom></udom></attrdomv></attr>
<attr>
<attrlabl>GAMMA_KNIF</attrlabl>
<attrdef>Gamma knife.</attrdef>
<attrdefs>PA Dept. of Health.  Y=Yes.  N=No.</attrdefs>
<attrdomv><udom></udom></attrdomv></attr>
<attr>
<attrlabl>LINEAR_ACC</attrlabl>
<attrdef>Linear accelerator.</attrdef>
<attrdefs>PA Dept. of Health.  Y=Yes.  N=No.</attrdefs>
<attrdomv><udom></udom></attrdomv></attr>
<attr>
<attrlabl>DIAG_RADIO</attrlabl>
<attrdef>Diagnostic radioisotope.</attrdef>
<attrdefs>PA Dept. of Health.  Y=Yes.  N=No.</attrdefs>
<attrdomv><udom></udom></attrdomv></attr>
<attr>
<attrlabl>THERA_RADI</attrlabl>
<attrdef>Therapeutic radioisotope.</attrdef>
<attrdefs>PA Dept. of Health.  Y=Yes.  N=No.</attrdefs>
<attrdomv><udom></udom></attrdomv></attr>
<attr>
<attrlabl>PET</attrlabl>
<attrdef>Positron emission tomography (PET).</attrdef>
<attrdefs>PA Dept. of Health.  Y=Yes.  N=No.</attrdefs>
<attrdomv><udom></udom></attrdomv></attr>
<attr>
<attrlabl>SURGICAL_S</attrlabl>
<attrdef>Surgical services.</attrdef>
<attrdefs>PA Dept. of Health.  Y=Yes.  N=No.</attrdefs>
<attrdomv><udom></udom></attrdomv></attr>
<attr>
<attrlabl>CYSTOSCOPI</attrlabl>
<attrdef>Cystoscopies.</attrdef>
<attrdefs>PA Dept. of Health.  Y=Yes.  N=No.</attrdefs>
<attrdomv><udom></udom></attrdomv></attr>
<attr>
<attrlabl>ENDOSCOPIE</attrlabl>
<attrdef>Endoscopies.</attrdef>
<attrdefs>PA Dept. of Health.  Y=Yes.  N=No.</attrdefs>
<attrdomv><udom></udom></attrdomv></attr>
<attr>
<attrlabl>CARD_SURGE</attrlabl>
<attrdef>Cardiac surgery.</attrdef>
<attrdefs>PA Dept. of Health.  Y=Yes.  N=No.</attrdefs>
<attrdomv><udom></udom></attrdomv></attr>
<attr>
<attrlabl>BONE_MARRO</attrlabl>
<attrdef>Bone marrow.</attrdef>
<attrdefs>PA Dept. of Health.  Y=Yes.  N=No.</attrdefs>
<attrdomv><udom></udom></attrdomv></attr>
<attr>
<attrlabl>HEART_TRAN</attrlabl>
<attrdef>Heart transplant.</attrdef>
<attrdefs>PA Dept. of Health.  Y=Yes.  N=No.</attrdefs>
<attrdomv><udom></udom></attrdomv></attr>
<attr>
<attrlabl>KIDNEY_TRA</attrlabl>
<attrdef>Kidney transplant.</attrdef>
<attrdefs>PA Dept. of Health.  Y=Yes.  N=No.</attrdefs>
<attrdomv><udom></udom></attrdomv></attr>
<attr>
<attrlabl>LIVER_TRAN</attrlabl>
<attrdef>Liver transplant.</attrdef>
<attrdefs>PA Dept. of Health.  Y=Yes.  N=No.</attrdefs>
<attrdomv><udom></udom></attrdomv></attr>
<attr>
<attrlabl>EMER_DEPT</attrlabl>
<attrdef>Emergency department.</attrdef>
<attrdefs>PA Dept. of Health.  Y=Yes.  N=No.</attrdefs>
<attrdomv><udom></udom></attrdomv></attr>
<attr>
<attrlabl>ALS</attrlabl>
<attrdef>Advanced Life Support (ALS)</attrdef>
<attrdefs>PA Dept. of Health.  Y=Yes.  N=No.</attrdefs>
<attrdomv><udom></udom></attrdomv></attr>
<attr>
<attrlabl>MOB_ICU</attrlabl>
<attrdef>Mobile intensive care unit.</attrdef>
<attrdefs>PA Dept. of Health.  Y=Yes.  N=No.</attrdefs>
<attrdomv><udom></udom></attrdomv></attr>
<attr>
<attrlabl>BAS_LS</attrlabl>
<attrdef>Basic Life Support</attrdef>
<attrdefs>PA Dept. of Health.  Y=Yes.  N=No.</attrdefs>
<attrdomv><udom></udom></attrdomv></attr>
<attr>
<attrlabl>MOB_CCU</attrlabl>
<attrdef>Mobile Critical Care Unit.</attrdef>
<attrdefs>PA Dept. of Health.  Y=Yes.  N=No.</attrdefs>
<attrdomv><udom></udom></attrdomv></attr>
<attr>
<attrlabl>AIR_AMB</attrlabl>
<attrdef>Air ambulance.</attrdef>
<attrdefs>PA Dept. of Health.  Y=Yes.  N=No.</attrdefs>
<attrdomv><udom></udom></attrdomv></attr>
<attr>
<attrlabl>DENTAL</attrlabl>
<attrdef>Dental services.</attrdef>
<attrdefs>PA Dept. of Health.  Y=Yes.  N=No.</attrdefs>
<attrdomv><udom></udom></attrdomv></attr>
<attr>
<attrlabl>PSYCH</attrlabl>
<attrdef>Psychiatric services.</attrdef>
<attrdefs>PA Dept. of Health.  Y=Yes.  N=No.</attrdefs>
<attrdomv><udom></udom></attrdomv></attr>
<attr>
<attrlabl>MEDICAL</attrlabl>
<attrdef>Medical services.</attrdef>
<attrdefs>PA Dept. of Health.  Y=Yes.  N=No.</attrdefs>
<attrdomv><udom></udom></attrdomv></attr>
<attr>
<attrlabl>SURGICAL</attrlabl>
<attrdef>Surgical services.</attrdef>
<attrdefs>PA Dept. of Health.  Y=Yes.  N=No.</attrdefs>
<attrdomv><udom></udom></attrdomv></attr>
<attr>
<attrlabl>OBS_GYN</attrlabl>
<attrdef>Obstetric-gynecology.</attrdef>
<attrdefs>PA Dept. of Health.  Y=Yes.  N=No.</attrdefs>
<attrdomv><udom></udom></attrdomv></attr>
<attr>
<attrlabl>GEN_OUTPAT</attrlabl>
<attrdef>General outpatient only.</attrdef>
<attrdefs>PA Dept. of Health.  Y=Yes.  N=No.</attrdefs>
<attrdomv><udom></udom></attrdomv></attr>
<attr>
<attrlabl>PEDIATRIC</attrlabl>
<attrdef>Pediatric services.</attrdef>
<attrdefs>PA Dept. of Health.  Y=Yes.  N=No.</attrdefs>
<attrdomv><udom></udom></attrdomv></attr>
<attr>
<attrlabl>PHYS_MED</attrlabl>
<attrdef>Physical medicine.</attrdef>
<attrdefs>PA Dept. of Health.  Y=Yes.  N=No.</attrdefs>
<attrdomv><udom></udom></attrdomv></attr>
<attr>
<attrlabl>LIC_MDS</attrlabl>
<attrdef>Number of licensed MDs.</attrdef>
<attrdefs>PA Dept. of Health.</attrdefs>
<attrdomv><rdom><rdommin>0</rdommin><rdommax>1887</rdommax><attrunit></attrunit><attrmres></attrmres></rdom></attrdomv>
</attr>
<attr>
<attrlabl>LIC_DOS</attrlabl>
<attrdef>Number of licensed DOs.</attrdef>
<attrdefs>PA Dept. of Health.</attrdefs>
<attrdomv><rdom><rdommin>0</rdommin><rdommax>184</rdommax><attrunit></attrunit><attrmres></attrmres></rdom></attrdomv>
</attr>
<attr>
<attrlabl>LIC_DENT</attrlabl>
<attrdef>Number of licensed dentists.</attrdef>
<attrdefs>PA Dept. of Health.</attrdefs>
<attrdomv><rdom><rdommin>0</rdommin><rdommax>74</rdommax><attrunit></attrunit><attrmres></attrmres></rdom></attrdomv>
</attr>
<attr>
<attrlabl>LIC_POD</attrlabl>
<attrdef>Number of licensed podiatrists.</attrdef>
<attrdefs>PA Dept. of Health.</attrdefs>
<attrdomv><rdom><rdommin>0</rdommin><rdommax>37</rdommax><attrunit></attrunit><attrmres></attrmres></rdom></attrdomv>
</attr>
<attr>
<attrlabl>FLU_OLD</attrlabl>
<attrdef>Provide flu and/or pneumococcal vaccine to elederly patients.</attrdef>
<attrdefs>PA Dept. of Health.  Y=Yes.  N=No.</attrdefs>
<attrdomv><udom></udom></attrdomv></attr>
<attr>
<attrlabl>SO_FLU_65U</attrlabl>
<attrdef>Standing order for flu vaccines to patients 65 and older.</attrdef>
<attrdefs>PA Dept. of Health.  Y=Yes.  N=No.</attrdefs>
<attrdomv><udom></udom></attrdomv></attr>
<attr>
<attrlabl>INPAT_FLU_</attrlabl>
<attrdef>Number of patients receiving flu vaccine, age 65 and older.</attrdef>
<attrdefs>PA Dept. of Health.</attrdefs>
<attrdomv><rdom><rdommin>0</rdommin><rdommax>2420</rdommax><attrunit></attrunit><attrmres></attrmres></rdom></attrdomv>
</attr>
<attr>
<attrlabl>INPAT_PNEU</attrlabl>
<attrdef>Number of patients receiving pneumococcal vaccine, age 65 and older.</attrdef>
<attrdefs>PA Dept. of Health.</attrdefs>
<attrdomv><rdom><rdommin>0</rdommin><rdommax>3100</rdommax><attrunit></attrunit><attrmres></attrmres></rdom></attrdomv>
</attr>
<attr>
<attrlabl>HELIPAD</attrlabl>
<attrdef>Helipad.</attrdef>
<attrdefs>PA Dept. of Transportation - Aviation Division.  Contact - Jerry Gromlowicz.  Y=Yes.  N=No.</attrdefs>
<attrdomv><udom></udom></attrdomv></attr>
<attr>
<attrlabl>ACC_TRAUMA</attrlabl>
<attrdef>Accredited trauma center.</attrdef>
<attrdefs>Y = Hospital accredited by the PA Trauma Systems Foundation as a trauma hospital for October 1, 2008 - September 30, 2009.  N = Not an accredited trauma hospital.</attrdefs>
<attrdomv><udom></udom></attrdomv></attr>
<attr>
<attrlabl>REG_TRAUMA</attrlabl>
<attrdef>Regional trauma level.</attrdef>
<attrdefs>PA Trauma Systems Foundation Hospital Accreditation Status Report for October 1, 2008 through September 30, 2009.  Level I, Level II, or Ped Level I or II.  Descriptions of these services are available at:  http://www.ptsf.org/level1vslevel2.doc.</attrdefs>
<attrdomv><udom></udom></attrdomv></attr>
<attr>
<attrlabl>PED_TRAUMA</attrlabl>
<attrdef>Pediatric trauma level.</attrdef>
<attrdefs>PA Trauma Systems Foundation Hospital Accreditation Status Report for October 1, 2008 - September 30, 2009.  Level I, Level II, or Ped Lev I or II.  Descriptions of these differences are available at:  http://www.ptsf.org/level1vslevel2.doc.</attrdefs>
<attrdomv><udom></udom></attrdomv></attr>
<attr>
<attrlabl>MS1</attrlabl>
<attrdef>Hospitals with nuclear medicine departments are designated to decontaminate and treat victims in the time of an event at a nuclear power plant.  Federal Emergency Management Agency (FEMA) requires at least a primary and secondary hospital to service each nuclear facility.  This field contains the name or names of the nuclear facilities that a hospital services in the time of a nuclear event at a power plant.</attrdef>
<attrdefs>Pennsylvania Emergency Management Agency (PEMA) is responsible for the designation of these hospitals.  PEMA runs drills on the facilities, writes reports on the outcomes, and ensures that the designated hospitals maintain the service level that FEMA requires.  Henry Tamanini at PEMA currently oversees these drills.</attrdefs>
<attrdomv><udom></udom></attrdomv></attr>
<attr>
<attrlabl>MCD_NAME</attrlabl>
<attrdef>Name of minor civil division where hospital is located.</attrdef>
<attrdefs>PA Dept. of Health.</attrdefs>
<attrdomv><udom></udom></attrdomv></attr>
<attr>
<attrlabl>MCD</attrlabl>
<attrdef>Minor civil division FIPS code.</attrdef>
<attrdefs>PA Dept. of Health.</attrdefs>
<attrdomv><udom></udom></attrdomv></attr>
<attr>
<attrlabl>MCD_KEY</attrlabl>
<attrdef>Minor civil division FIPS key code containing state, county, and MCD FIPS string.</attrdef>
<attrdefs>PA Dept. of Health.</attrdefs>
<attrdomv><udom></udom></attrdomv></attr>
<attr>
<attrlabl>COUNTYNAME</attrlabl>
<attrdef>County name.</attrdef>
<attrdefs>PA Dept. of Health.</attrdefs>
<attrdomv><udom></udom></attrdomv></attr>
<attr>
<attrlabl>CTY_KEY</attrlabl>
<attrdef>County FIPS code.</attrdef>
<attrdefs>PA Dept. of Health.</attrdefs>
<attrdomv><udom></udom></attrdomv></attr>
<attr>
<attrlabl>PODIATRY</attrlabl>
<attrdef>Podiatry.</attrdef>
<attrdefs>PA Dept. of Health.  Y=Yes.  N=No.</attrdefs>
<attrdomv><udom></udom></attrdomv></attr>
<attr>
<attrlabl>NEO2_SUS_B</attrlabl>
<attrdef>Number of neonatal level II beds set up and staffed.</attrdef>
<attrdefs>PA Dept. of Health.</attrdefs>
<attrdomv><rdom><rdommin>0</rdommin><rdommax>27</rdommax><attrunit></attrunit><attrmres></attrmres></rdom></attrdomv>
</attr>
<attr>
<attrlabl>OBS_GYN</attrlabl>
<attrdef>Obstetric-gynecology.</attrdef>
<attrdefs>PA Dept. of Health.  Y=Yes.  N=No.</attrdefs>
<attrdomv><udom></udom></attrdomv></attr>
<attr>
<attrlabl>FRED_HOSP</attrlabl>
<attrdef>FRED Hospital.</attrdef>
<attrdefs>PA Dept. of Health.  Y=Yes.  N=No.</attrdefs>
<attrdomv><udom></udom></attrdomv></attr>
<attr>
<attrlabl>STREET</attrlabl>
<attrdef>Street.</attrdef>
<attrdefs>PA Dept. of Health.</attrdefs>
<attrdomv><udom></udom></attrdomv></attr>
<attr>
<attrlabl>OCC_THER</attrlabl>
<attrdef>Occupational therapy.</attrdef>
<attrdefs>PA Dept. of Health.  Y=Yes.  N=No.</attrdefs>
<attrdomv><udom></udom></attrdomv></attr>
<attr>
<attrlabl>LINEAR_ACC</attrlabl>
<attrdef>Linear accelerator.</attrdef>
<attrdefs>PA Dept. of Health.  Y=Yes.  N=No.</attrdefs>
<attrdomv><udom></udom></attrdomv></attr>
<attr>
<attrlabl>HEMODIAL_C</attrlabl>
<attrdef>Hemodialysis chronic services only.</attrdef>
<attrdefs>PA Dept. of Health.  Y=Yes.  N=No.</attrdefs>
<attrdomv><udom></udom></attrdomv></attr>
<attr>
<attrlabl>HEART_TRAN</attrlabl>
<attrdef>Heart transplant.</attrdef>
<attrdefs>PA Dept. of Health.  Y=Yes.  N=No.</attrdefs>
<attrdomv><udom></udom></attrdomv></attr>
<attr>
<attrlabl>LABOR_RMS</attrlabl>
<attrdef>Number of labor rooms.</attrdef>
<attrdefs>PA Dept. of Health.</attrdefs>
<attrdomv><rdom><rdommin>0</rdommin><rdommax>10</rdommax><attrunit></attrunit><attrmres></attrmres></rdom></attrdomv>
</attr>
<attr>
<attrlabl>PED_TRAUMA</attrlabl>
<attrdef>Pediatric trauma level.</attrdef>
<attrdefs>PA Trauma Systems Foundation Hospital Accreditation Status Report for October 1, 2008 - September 30, 2009.  Level I, Level II, or Ped Lev I or II.  Descriptions of these differences are available at:  http://www.ptsf.org/level1vslevel2.doc.</attrdefs>
<attrdomv><udom></udom></attrdomv></attr>
<attr>
<attrlabl>FRED_CONTA</attrlabl>
<attrdef>FRED contact at hospital.</attrdef>
<attrdefs>FRED.</attrdefs>
<attrdomv><udom></udom></attrdomv></attr>
<attr>
<attrlabl>CARDIO_REH</attrlabl>
<attrdef>Cardiopulmonary rehabilitation.</attrdef>
<attrdefs>PA Dept. of Health.  Y=Yes.  N=No.</attrdefs>
<attrdomv><udom></udom></attrdomv></attr>
<attr>
<attrlabl>ICU_SUS_BE</attrlabl>
<attrdef>Number of intensive care unit beds set up and staffed.</attrdef>
<attrdefs>PA Dept. of Health.</attrdefs>
<attrdomv><rdom><rdommin>0</rdommin><rdommax>194</rdommax><attrunit></attrunit><attrmres></attrmres></rdom></attrdomv>
</attr>
<attr>
<attrlabl>PSYCH</attrlabl>
<attrdef>Psychiatric services.</attrdef>
<attrdefs>PA Dept. of Health.  Y=Yes.  N=No.</attrdefs>
<attrdomv><udom></udom></attrdomv></attr>
<attr>
<attrlabl>MOB_ICU</attrlabl>
<attrdef>Mobile intensive care unit.</attrdef>
<attrdefs>PA Dept. of Health.  Y=Yes.  N=No.</attrdefs>
<attrdomv><udom></udom></attrdomv></attr>
<attr>
<attrlabl>LIVER_TRAN</attrlabl>
<attrdef>Liver transplant.</attrdef>
<attrdefs>PA Dept. of Health.  Y=Yes.  N=No.</attrdefs>
<attrdomv><udom></udom></attrdomv></attr>
<attr>
<attrlabl>NEURO_SURG</attrlabl>
<attrdef>Neurological surgery.</attrdef>
<attrdefs>PA Dept. of Health.  Y=Yes.  N=No.</attrdefs>
<attrdomv><udom></udom></attrdomv></attr>
<attr>
<attrlabl>BIRTHING_R</attrlabl>
<attrdef>Number of birthing rooms.</attrdef>
<attrdefs>PA Dept. of Health.</attrdefs>
<attrdomv><rdom><rdommin>0</rdommin><rdommax>22</rdommax><attrunit></attrunit><attrmres></attrmres></rdom></attrdomv>
</attr>
<attr>
<attrlabl>ZIP</attrlabl>
<attrdef>ZIP code.</attrdef>
<attrdefs>PA Dept. of Health.</attrdefs>
<attrdomv><udom></udom></attrdomv></attr>
<attr>
<attrlabl>FACILITY</attrlabl>
<attrdef>Hospital facility.</attrdef>
<attrdefs>PA Dept of Health.</attrdefs>
<attrdomv><udom></udom></attrdomv></attr>
<attr>
<attrlabl>CYSTOSCOPI</attrlabl>
<attrdef>Cystoscopies.</attrdef>
<attrdefs>PA Dept. of Health.  Y=Yes.  N=No.</attrdefs>
<attrdomv><udom></udom></attrdomv></attr>
<attr>
<attrlabl>BAS_LS</attrlabl>
<attrdef>Basic Life Support</attrdef>
<attrdefs>PA Dept. of Health.  Y=Yes.  N=No.</attrdefs>
<attrdomv><udom></udom></attrdomv></attr>
<attr>
<attrlabl>MRI</attrlabl>
<attrdef>Magnetic resonance imaging (MRI)</attrdef>
<attrdefs>PA Dept. of Health.  Y=Yes.  N=No.</attrdefs>
<attrdomv><udom></udom></attrdomv></attr>
<attr>
<attrlabl>CHEMO</attrlabl>
<attrdef>Chemotherapy.</attrdef>
<attrdefs>PA Dept. of Health.  Y=Yes.  N=No.</attrdefs>
<attrdomv><udom></udom></attrdomv></attr>
<attr>
<attrlabl>X</attrlabl>
<attrdef>Longitude.</attrdef>
<attrdefs>PA Dept. of Health.</attrdefs>
<attrdomv><rdom><rdommin>-80.496213</rdommin><rdommax>-74.866978</rdommax><attrunit></attrunit><attrmres></attrmres></rdom></attrdomv>
</attr>
<attr>
<attrlabl>ARC_ZONE</attrlabl>
<attrdef>ZIP code from geocoding process.</attrdef>
<attrdefs>PA Dept. of Health.</attrdefs>
<attrdomv><udom></udom></attrdomv></attr>
<attr>
<attrlabl>HYPER_CHAM</attrlabl>
<attrdef>Hyperbaric chamber.</attrdef>
<attrdefs>PA Dept. of Health.  Y=Yes.  N=No.</attrdefs>
<attrdomv><udom></udom></attrdomv></attr>
<attr>
<attrlabl>MCD_KEY</attrlabl>
<attrdef>Minor civil division FIPS key code containing state, county, and MCD FIPS string.</attrdef>
<attrdefs>PA Dept. of Health.</attrdefs>
<attrdomv><udom></udom></attrdomv></attr>
<attr>
<attrlabl>PHYS_MED</attrlabl>
<attrdef>Physical medicine.</attrdef>
<attrdefs>PA Dept. of Health.  Y=Yes.  N=No.</attrdefs>
<attrdomv><udom></udom></attrdomv></attr>
<attr>
<attrlabl>LOC_METHOD</attrlabl>
<attrdef>Point location creation method.</attrdef>
<attrdefs>PA Dept of Health.  G=Geocoded address.  R=Point rectified to hospital rooftop using aerial photography.</attrdefs>
<attrdomv><udom></udom></attrdomv></attr>
<attr>
<attrlabl>HOSPICE</attrlabl>
<attrdef>Hospice.</attrdef>
<attrdefs>PA Dept. of Health.  Y=Yes.  N=No.</attrdefs>
<attrdomv><udom></udom></attrdomv></attr>
<attr>
<attrlabl>TYP_ORG</attrlabl>
<attrdef>Type of Organization.</attrdef>
<attrdefs>PA Dept. of Health.</attrdefs>
<attrdomv><udom></udom></attrdomv></attr>
<attr>
<attrlabl>HEMODIAL_M</attrlabl>
<attrdef>Hemodialysis home care/mobile unit.</attrdef>
<attrdefs>PA Dept. of Health.  Y=Yes.  N=No.</attrdefs>
<attrdomv><udom></udom></attrdomv></attr>
<attr>
<attrlabl>INPAT_FLU_</attrlabl>
<attrdef>Number of patients receiving flu vaccine, age 65 and older.</attrdef>
<attrdefs>PA Dept. of Health.</attrdefs>
<attrdomv><rdom><rdommin>0</rdommin><rdommax>2420</rdommax><attrunit></attrunit><attrmres></attrmres></rdom></attrdomv>
</attr>
<attr>
<attrlabl>CARD_BEDS</attrlabl>
<attrdef>Number of cardiac unit beds.</attrdef>
<attrdefs>PA Dept. of Health.</attrdefs>
<attrdomv><rdom><rdommin>0</rdommin><rdommax>189</rdommax><attrunit></attrunit><attrmres></attrmres></rdom></attrdomv>
</attr>
<attr>
<attrlabl>BEDS_SUS</attrlabl>
<attrdef>Number of licensed beds set up and staffed.</attrdef>
<attrdefs>PA Dept. of Health.</attrdefs>
<attrdomv><rdom><rdommin>0</rdommin><rdommax>1485</rdommax><attrunit></attrunit><attrmres></attrmres></rdom></attrdomv>
</attr>
<attr>
<attrlabl>BB_ID</attrlabl>
<attrdef>Broadband ID.  This is the unique identifier for the broadband initiative in DCED.</attrdef>
<attrdefs>PA Dept. of Health.</attrdefs>
<attrdomv><udom></udom></attrdomv></attr>
<attr>
<attrlabl>LIC_DENT</attrlabl>
<attrdef>Number of licensed dentists.</attrdef>
<attrdefs>PA Dept. of Health.</attrdefs>
<attrdomv><rdom><rdommin>0</rdommin><rdommax>74</rdommax><attrunit></attrunit><attrmres></attrmres></rdom></attrdomv>
</attr>
<attr>
<attrlabl>INPAT_PNEU</attrlabl>
<attrdef>Number of patients receiving pneumococcal vaccine, age 65 and older.</attrdef>
<attrdefs>PA Dept. of Health.</attrdefs>
<attrdomv><rdom><rdommin>0</rdommin><rdommax>3100</rdommax><attrunit></attrunit><attrmres></attrmres></rdom></attrdomv>
</attr>
<attr>
<attrlabl>FLU_OLD</attrlabl>
<attrdef>Provide flu and/or pneumococcal vaccine to elederly patients.</attrdef>
<attrdefs>PA Dept. of Health.  Y=Yes.  N=No.</attrdefs>
<attrdomv><udom></udom></attrdomv></attr>
<attr>
<attrlabl>LIC_MDS</attrlabl>
<attrdef>Number of licensed MDs.</attrdef>
<attrdefs>PA Dept. of Health.</attrdefs>
<attrdomv><rdom><rdommin>0</rdommin><rdommax>1887</rdommax><attrunit></attrunit><attrmres></attrmres></rdom></attrdomv>
</attr>
<attr>
<attrlabl>BURN_CAR</attrlabl>
<attrdef>Burn care.</attrdef>
<attrdefs>PA Dept. of Health.  Y=Yes.  N=No.</attrdefs>
<attrdomv><udom></udom></attrdomv></attr>
<attr>
<attrlabl>OPTOMETRY</attrlabl>
<attrdef>Optometry services.</attrdef>
<attrdefs>PA Dept. of Health.  Y=Yes.  N=No.</attrdefs>
<attrdomv><udom></udom></attrdomv></attr>
<attr>
<attrlabl>DETOX_ALC_</attrlabl>
<attrdef>Detoxification for alcohol and drugs.</attrdef>
<attrdefs>PA Dept of Health.  Y=Yes.  N=No.</attrdefs>
<attrdomv><udom></udom></attrdomv></attr>
<attr>
<attrlabl>PHYS_THER</attrlabl>
<attrdef>Physical therapy.</attrdef>
<attrdefs>PA Dept. of Health.  Y=Yes.  N=No.</attrdefs>
<attrdomv><udom></udom></attrdomv></attr>
<attr>
<attrlabl>ICU_BEDS</attrlabl>
<attrdef>Number of intensive care unit beds available.</attrdef>
<attrdefs>PA Dept. of Health.</attrdefs>
<attrdomv><rdom><rdommin>0</rdommin><rdommax>198</rdommax><attrunit></attrunit><attrmres></attrmres></rdom></attrdomv>
</attr>
<attr>
<attrlabl>GENE_COUNC</attrlabl>
<attrdef>Genetic counseling.</attrdef>
<attrdefs>PA Dept. of Health.  Y=Yes.  N=No.</attrdefs>
<attrdomv><udom></udom></attrdomv></attr>
<attr>
<attrlabl>TYP_SERV</attrlabl>
<attrdef>Type of Service.</attrdef>
<attrdefs>PA Dept. of Health.</attrdefs>
<attrdomv><udom></udom></attrdomv></attr>
<attr>
<attrlabl>FRED_CON_1</attrlabl>
<attrdef>Contact title.</attrdef>
<attrdefs>FRED.</attrdefs>
<attrdomv><udom></udom></attrdomv></attr>
<attr>
<attrlabl>CLIN_LAB</attrlabl>
<attrdef>Clinical laboratory.</attrdef>
<attrdefs>PA Dept. of Health.  Y=Yes.  N=No.</attrdefs>
<attrdomv><udom></udom></attrdomv></attr>
<attr>
<attrlabl>FRED_PAGER</attrlabl>
<attrdef>Hospital contact pager number.</attrdef>
<attrdefs>FRED.</attrdefs>
<attrdomv><udom></udom></attrdomv></attr>
<attr>
<attrlabl>ORGAN_BANK</attrlabl>
<attrdef>Organ bank.</attrdef>
<attrdefs>PA Dept. of Health.  Y=Yes.  N=No.</attrdefs>
<attrdomv><udom></udom></attrdomv></attr>
<attr>
<attrlabl>GEN_OUTPAT</attrlabl>
<attrdef>General outpatient only.</attrdef>
<attrdefs>PA Dept. of Health.  Y=Yes.  N=No.</attrdefs>
<attrdomv><udom></udom></attrdomv></attr>
<attr>
<attrlabl>COUNTYNAME</attrlabl>
<attrdef>County name.</attrdef>
<attrdefs>PA Dept. of Health.</attrdefs>
<attrdomv><udom></udom></attrdomv></attr>
<attr>
<attrlabl>PSYCH_INPA</attrlabl>
<attrdef>Psychiatric inpatient care services.</attrdef>
<attrdefs>PA Dept. of Health.  Y=Yes.  N=No.</attrdefs>
<attrdomv><udom></udom></attrdomv></attr>
<attr>
<attrlabl>GAMMA_KNIF</attrlabl>
<attrdef>Gamma knife.</attrdef>
<attrdefs>PA Dept. of Health.  Y=Yes.  N=No.</attrdefs>
<attrdomv><udom></udom></attrdomv></attr>
<attr>
<attrlabl>PET</attrlabl>
<attrdef>Positron emission tomography (PET).</attrdef>
<attrdefs>PA Dept. of Health.  Y=Yes.  N=No.</attrdefs>
<attrdomv><udom></udom></attrdomv></attr>
<attr>
<attrlabl>Y</attrlabl>
<attrdef>Latitude.</attrdef>
<attrdefs>PA Dept. of Health.</attrdefs>
<attrdomv><rdom><rdommin>39.751691</rdommin><rdommax>42.133962</rdommax><attrunit></attrunit><attrmres></attrmres></rdom></attrdomv>
</attr>
<attr>
<attrlabl>HOSP_ID</attrlabl>
<attrdef>Hosptial ID.</attrdef>
<attrdefs>PA Dept of Health.</attrdefs>
<attrdomv><udom></udom></attrdomv></attr>
<attr>
<attrlabl>SOCIAL_WOR</attrlabl>
<attrdef>Social worker.</attrdef>
<attrdefs>PA Dept. of Health.  Y=Yes.  N=No.</attrdefs>
<attrdomv><udom></udom></attrdomv></attr>
<attr>
<attrlabl>DOH_HOSP</attrlabl>
<attrdef>DOH Hospital from hospital survey.</attrdef>
<attrdefs>PA Dept. of Health.  Y=Yes.  N=No.</attrdefs>
<attrdomv><udom></udom></attrdomv></attr>
<attr>
<attrlabl>FRED_EMAIL</attrlabl>
<attrdef>Email address for FRED contact.</attrdef>
<attrdefs>FRED.</attrdefs>
<attrdomv><udom></udom></attrdomv></attr>
<attr>
<attrlabl>SURGICAL_S</attrlabl>
<attrdef>Surgical services.</attrdef>
<attrdefs>PA Dept. of Health.  Y=Yes.  N=No.</attrdefs>
<attrdomv><udom></udom></attrdomv></attr>
<attr>
<attrlabl>REG_TRAUMA</attrlabl>
<attrdef>Regional trauma level.</attrdef>
<attrdefs>PA Trauma Systems Foundation Hospital Accreditation Status Report for October 1, 2008 through September 30, 2009.  Level I, Level II, or Ped Level I or II.  Descriptions of these services are available at:  http://www.ptsf.org/level1vslevel2.doc.</attrdefs>
<attrdomv><udom></udom></attrdomv></attr>
<attr>
<attrlabl>ARC_STREET</attrlabl>
<attrdef>Street address from geocoding process.</attrdef>
<attrdefs>PA Dept. of Health.</attrdefs>
<attrdomv><udom></udom></attrdomv></attr>
<attr>
<attrlabl>LIC_DOS</attrlabl>
<attrdef>Number of licensed DOs.</attrdef>
<attrdefs>PA Dept. of Health.</attrdefs>
<attrdomv><rdom><rdommin>0</rdommin><rdommax>184</rdommax><attrunit></attrunit><attrmres></attrmres></rdom></attrdomv>
</attr>
<attr>
<attrlabl>CTY_KEY</attrlabl>
<attrdef>County FIPS code.</attrdef>
<attrdefs>PA Dept. of Health.</attrdefs>
<attrdomv><udom></udom></attrdomv></attr>
<attr>
<attrlabl>SO_FLU_65U</attrlabl>
<attrdef>Standing order for flu vaccines to patients 65 and older.</attrdef>
<attrdefs>PA Dept. of Health.  Y=Yes.  N=No.</attrdefs>
<attrdomv><udom></udom></attrdomv></attr>
<attr>
<attrlabl>FRED_FAX</attrlabl>
<attrdef>Hospital fax number.</attrdef>
<attrdefs>FRED.</attrdefs>
<attrdomv><udom></udom></attrdomv></attr>
<attr>
<attrlabl>LTC</attrlabl>
<attrdef>Long-term care.</attrdef>
<attrdefs>PA Dept. of Health.  Y=Yes.  N=No.</attrdefs>
<attrdomv><udom></udom></attrdomv></attr>
<attr>
<attrlabl>ULTRASOUND</attrlabl>
<attrdef>Utrasound.</attrdef>
<attrdefs>PA Dept. of Health.  Y=Yes.  N=No.</attrdefs>
<attrdomv><udom></udom></attrdomv></attr>
<attr>
<attrlabl>AIR_AMB</attrlabl>
<attrdef>Air ambulance.</attrdef>
<attrdefs>PA Dept. of Health.  Y=Yes.  N=No.</attrdefs>
<attrdomv><udom></udom></attrdomv></attr>
<attr>
<attrlabl>BONE_MARRO</attrlabl>
<attrdef>Bone marrow.</attrdef>
<attrdefs>PA Dept. of Health.  Y=Yes.  N=No.</attrdefs>
<attrdomv><udom></udom></attrdomv></attr>
<attr>
<attrlabl>ACC_TRAUMA</attrlabl>
<attrdef>Accredited trauma center.</attrdef>
<attrdefs>Y = Hospital accredited by the PA Trauma Systems Foundation as a trauma hospital for October 1, 2008 - September 30, 2009.  N = Not an accredited trauma hospital.</attrdefs>
<attrdomv><udom></udom></attrdomv></attr>
<attr>
<attrlabl>CLIN_PSYCH</attrlabl>
<attrdef>Clinical psychology.</attrdef>
<attrdefs>PA Dept. of Health.  Y=Yes.  N=No.</attrdefs>
<attrdomv><udom></udom></attrdomv></attr>
<attr>
<attrlabl>BC_SUS_BED</attrlabl>
<attrdef>Number of burn care beds set up and staffed.</attrdef>
<attrdefs>PA Dept. of Health.</attrdefs>
<attrdomv><rdom><rdommin>0</rdommin><rdommax>18</rdommax><attrunit></attrunit><attrmres></attrmres></rdom></attrdomv>
</attr>
<attr>
<attrlabl>LIC_POD</attrlabl>
<attrdef>Number of licensed podiatrists.</attrdef>
<attrdefs>PA Dept. of Health.</attrdefs>
<attrdomv><rdom><rdommin>0</rdommin><rdommax>37</rdommax><attrunit></attrunit><attrmres></attrmres></rdom></attrdomv>
</attr>
<attr>
<attrlabl>NEO2_BEDS</attrlabl>
<attrdef>Number of neonatal level II beds.</attrdef>
<attrdefs>PA Dept. of Health.</attrdefs>
<attrdomv><rdom><rdommin>0</rdommin><rdommax>27</rdommax><attrunit></attrunit><attrmres></attrmres></rdom></attrdomv>
</attr>
<attr>
<attrlabl>KIDNEY_TRA</attrlabl>
<attrdef>Kidney transplant.</attrdef>
<attrdefs>PA Dept. of Health.  Y=Yes.  N=No.</attrdefs>
<attrdomv><udom></udom></attrdomv></attr>
<attr>
<attrlabl>EMER_DEPT</attrlabl>
<attrdef>Emergency department.</attrdef>
<attrdefs>PA Dept. of Health.  Y=Yes.  N=No.</attrdefs>
<attrdomv><udom></udom></attrdomv></attr>
<attr>
<attrlabl>PROVIDERID</attrlabl>
<attrdef>Number which uniquely identifies hospitals in the Facility Resources Emergency Database (FRED).</attrdef>
<attrdefs>FRED</attrdefs>
<attrdomv><rdom><rdommin>0</rdommin><rdommax>2587</rdommax><attrunit></attrunit><attrmres></attrmres></rdom></attrdomv>
</attr>
<attr>
<attrlabl>CARD_SURGE</attrlabl>
<attrdef>Cardiac surgery.</attrdef>
<attrdefs>PA Dept. of Health.  Y=Yes.  N=No.</attrdefs>
<attrdomv><udom></udom></attrdomv></attr>
<attr>
<attrlabl>NEUROLOGY</attrlabl>
<attrdef>Neurology.</attrdef>
<attrdefs>PA Dept. of Health.  Y=Yes.  N=No.</attrdefs>
<attrdomv><udom></udom></attrdomv></attr>
<attr>
<attrlabl>BASSINETS</attrlabl>
<attrdef>Number of bassinets.</attrdef>
<attrdefs>PA Dept. of Health.</attrdefs>
<attrdomv><rdom><rdommin>0</rdommin><rdommax>80</rdommax><attrunit></attrunit><attrmres></attrmres></rdom></attrdomv>
</attr>
<attr>
<attrlabl>ALS</attrlabl>
<attrdef>Advanced Life Support (ALS)</attrdef>
<attrdefs>PA Dept. of Health.  Y=Yes.  N=No.</attrdefs>
<attrdomv><udom></udom></attrdomv></attr>
<attr>
<attrlabl>SPEECH_PAT</attrlabl>
<attrdef>Speech pathology &amp; audiology.</attrdef>
<attrdefs>PA Dept. of Health.  Y=Yes.  N=No.</attrdefs>
<attrdomv><udom></udom></attrdomv></attr>
<attr>
<attrlabl>MEDICAL</attrlabl>
<attrdef>Medical services.</attrdef>
<attrdefs>PA Dept. of Health.  Y=Yes.  N=No.</attrdefs>
<attrdomv><udom></udom></attrdomv></attr>
<attr>
<attrlabl>SURGICAL</attrlabl>
<attrdef>Surgical services.</attrdef>
<attrdefs>PA Dept. of Health.  Y=Yes.  N=No.</attrdefs>
<attrdomv><udom></udom></attrdomv></attr>
<attr>
<attrlabl>LIC_BEDS</attrlabl>
<attrdef>Number of licensed beds in hospital.</attrdef>
<attrdefs>PA Dept. of Health.</attrdefs>
<attrdomv><rdom><rdommin>0</rdommin><rdommax>1573</rdommax><attrunit></attrunit><attrmres></attrmres></rdom></attrdomv>
</attr>
<attr>
<attrlabl>PEDIATRIC</attrlabl>
<attrdef>Pediatric services.</attrdef>
<attrdefs>PA Dept. of Health.  Y=Yes.  N=No.</attrdefs>
<attrdomv><udom></udom></attrdomv></attr>
<attr>
<attrlabl>HELIPAD</attrlabl>
<attrdef>Helipad.</attrdef>
<attrdefs>PA Dept. of Transportation - Aviation Division.  Contact - Jerry Gromlowicz.  Y=Yes.  N=No.</attrdefs>
<attrdomv><udom></udom></attrdomv></attr>
<attr>
<attrlabl>DOH_PHONE</attrlabl>
<attrdef>Hospital phone number.</attrdef>
<attrdefs>PA Dept. of Health Hospital Survey.</attrdefs>
<attrdomv><udom></udom></attrdomv></attr>
<attr>
<attrlabl>MCD_NAME</attrlabl>
<attrdef>Name of minor civil division where hospital is located.</attrdef>
<attrdefs>PA Dept. of Health.</attrdefs>
<attrdomv><udom></udom></attrdomv></attr>
<attr>
<attrlabl>LITHOTRIPS</attrlabl>
<attrdef>Lithotripsy.</attrdef>
<attrdefs>PA Dept. of Health.  Y=Yes.  N=No.</attrdefs>
<attrdomv><udom></udom></attrdomv></attr>
<attr>
<attrlabl>RESP_THER</attrlabl>
<attrdef>Respiratory therapy.</attrdef>
<attrdefs>PA Dept. of Health.  Y=Yes.  N=No.</attrdefs>
<attrdomv><udom></udom></attrdomv></attr>
<attr>
<attrlabl>BC_BEDS</attrlabl>
<attrdef>Number of burn care beds.</attrdef>
<attrdefs>PA Dept. of Health.</attrdefs>
<attrdomv><rdom><rdommin>0</rdommin><rdommax>18</rdommax><attrunit></attrunit><attrmres></attrmres></rdom></attrdomv>
</attr>
<attr>
<attrlabl>NEO3_SUS_B</attrlabl>
<attrdef>Number of neonatal level III beds set up and staffed.</attrdef>
<attrdefs>PA Dept. of Health.</attrdefs>
<attrdomv><rdom><rdommin>0</rdommin><rdommax>66</rdommax><attrunit></attrunit><attrmres></attrmres></rdom></attrdomv>
</attr>
<attr>
<attrlabl>BURN_CARE</attrlabl>
<attrdef>Burn care.</attrdef>
<attrdefs>PA Dept. of Health.  Y=Yes.  N=No.</attrdefs>
<attrdomv><udom></udom></attrdomv></attr>
<attr>
<attrlabl>THERA_RADI</attrlabl>
<attrdef>Therapeutic radioisotope.</attrdef>
<attrdefs>PA Dept. of Health.  Y=Yes.  N=No.</attrdefs>
<attrdomv><udom></udom></attrdomv></attr>
<attr>
<attrlabl>CARDIAC</attrlabl>
<attrdef>Cardiac unit.</attrdef>
<attrdefs>PA Dept. of Health.  Y=Yes.  N=No.</attrdefs>
<attrdomv><udom></udom></attrdomv></attr>
<attr>
<attrlabl>CARD_SUS_B</attrlabl>
<attrdef>Number of cardiac unit beds set up and staffed.</attrdef>
<attrdefs>PA Dept. of Health.</attrdefs>
<attrdomv><rdom><rdommin>0</rdommin><rdommax>177</rdommax><attrunit></attrunit><attrmres></attrmres></rdom></attrdomv>
</attr>
<attr>
<attrlabl>CT_SCAN</attrlabl>
<attrdef>Computed Tomography (CT) scanner.</attrdef>
<attrdefs>PA Dept. of Health.  Y=Yes.  N=No.</attrdefs>
<attrdomv><udom></udom></attrdomv></attr>
<attr>
<attrlabl>NEO3_BEDS</attrlabl>
<attrdef>Number of neonatal level III beds.</attrdef>
<attrdefs>PA Dept. of Health.</attrdefs>
<attrdomv><rdom><rdommin>0</rdommin><rdommax>75</rdommax><attrunit></attrunit><attrmres></attrmres></rdom></attrdomv>
</attr>
<attr>
<attrlabl>DENTAL</attrlabl>
<attrdef>Dental services.</attrdef>
<attrdefs>PA Dept. of Health.  Y=Yes.  N=No.</attrdefs>
<attrdomv><udom></udom></attrdomv></attr>
<attr>
<attrlabl>MOB_CCU</attrlabl>
<attrdef>Mobile Critical Care Unit.</attrdef>
<attrdefs>PA Dept. of Health.  Y=Yes.  N=No.</attrdefs>
<attrdomv><udom></udom></attrdomv></attr>
<attr>
<attrlabl>FAC_ID</attrlabl>
<attrdef>Facility ID number.</attrdef>
<attrdefs>Hospitals survey.</attrdefs>
<attrdomv><udom></udom></attrdomv></attr>
<attr>
<attrlabl>COUNTY</attrlabl>
<attrdef>County name where hospital is located.</attrdef>
<attrdefs>PA Dept. of Health.</attrdefs>
<attrdomv><udom></udom></attrdomv></attr>
<attr>
<attrlabl>DIAG_RADIO</attrlabl>
<attrdef>Diagnostic radioisotope.</attrdef>
<attrdefs>PA Dept. of Health.  Y=Yes.  N=No.</attrdefs>
<attrdomv><udom></udom></attrdomv></attr>
<attr>
<attrlabl>DELIV_RMS</attrlabl>
<attrdef>Number of delivery rooms.</attrdef>
<attrdefs>PA Dept. of Health.</attrdefs>
<attrdomv><rdom><rdommin>0</rdommin><rdommax>12</rdommax><attrunit></attrunit><attrmres></attrmres></rdom></attrdomv>
</attr>
<attr>
<attrlabl>ICU</attrlabl>
<attrdef>Intensive care unit.</attrdef>
<attrdefs>PA Dept. of Health.  Y=Yes.  N=No.</attrdefs>
<attrdomv><udom></udom></attrdomv></attr>
<attr>
<attrlabl>CITY</attrlabl>
<attrdef>City.</attrdef>
<attrdefs>PA Dept. of Health.</attrdefs>
<attrdomv><udom></udom></attrdomv></attr>
<attr>
<attrlabl>CARDIAC_CA</attrlabl>
<attrdef>Cardiac catheterization.</attrdef>
<attrdefs>PA Dept. of Health.  Y=Yes.  N=No.</attrdefs>
<attrdomv><udom></udom></attrdomv></attr>
<attr>
<attrlabl>DIAG_XRAY</attrlabl>
<attrdef>Diagnostic x-ray.</attrdef>
<attrdefs>PA Dept. of Health.  Y=Yes.  N=No.</attrdefs>
<attrdomv><udom></udom></attrdomv></attr>
<attr>
<attrlabl>MCD</attrlabl>
<attrdef>Minor civil division FIPS code.</attrdef>
<attrdefs>PA Dept. of Health.</attrdefs>
<attrdomv><udom></udom></attrdomv></attr>
<attr>
<attrlabl>MS1</attrlabl>
<attrdef>Hospitals with nuclear medicine departments are designated to decontaminate and treat victims in the time of an event at a nuclear power plant.  Federal Emergency Management Agency (FEMA) requires at least a primary and secondary hospital to service each nuclear facility.  This field contains the name or names of the nuclear facilities that a hospital services in the time of a nuclear event at a power plant.</attrdef>
<attrdefs>Pennsylvania Emergency Management Agency (PEMA) is responsible for the designation of these hospitals.  PEMA runs drills on the facilities, writes reports on the outcomes, and ensures that the designated hospitals maintain the service level that FEMA requires.  Henry Tamanini at PEMA currently oversees these drills.</attrdefs>
<attrdomv><udom></udom></attrdomv></attr>
<attr>
<attrlabl>PHARMACY</attrlabl>
<attrdef>Pharmacy.</attrdef>
<attrdefs>PA Dept. of Health.  Y=Yes.  N=No.</attrdefs>
<attrdomv><udom></udom></attrdomv></attr>
<attr>
<attrlabl>ENDOSCOPIE</attrlabl>
<attrdef>Endoscopies.</attrdef>
<attrdefs>PA Dept. of Health.  Y=Yes.  N=No.</attrdefs>
<attrdomv><udom></udom></attrdomv></attr>
<attr>
<attrlabl>FRED_PHONE</attrlabl>
<attrdef>Hospital phone number.</attrdef>
<attrdefs>FRED.</attrdefs>
<attrdomv><udom></udom></attrdomv></attr>
</detailed>
</eainfo>
<distinfo>
<resdesc>Downloadable Data</resdesc>
<stdorder>
<digform>
<digtopt><onlinopt>
<computer><networka><networkr></networkr></networka></computer>
<accinstr></accinstr>
</onlinopt>
</digtopt>
</digform>
</stdorder>
<distrib>
<cntinfo>
<cntperp><cntper></cntper><cntorg></cntorg></cntperp>
<cntpos></cntpos>
</cntinfo>
</distrib>
<distliab></distliab>
</distinfo>
<metainfo>
<metd>20101101</metd>
<metc>
<cntinfo>
<cntorgp><cntorg>PA Dept. of Health</cntorg><cntper>Steve Rosenberry</cntper></cntorgp>
<cntpos>Geospatial Technologies Specialist</cntpos>
<cntaddr>
<addrtype>mailing and physical address</addrtype>
<address>555 Walnut St</address>
<address>6th Floor, Bureau of Health Statistics and Research</address>
<city>Harrisburg</city>
<state>PA</state>
<postal>17101</postal>
<country>USA</country>
</cntaddr>
<cntvoice>717-783-2548</cntvoice>
<cntemail>strosenber@state.pa.us</cntemail>
</cntinfo>
</metc>
<metstdn>FGDC Content Standards for Digital Geospatial Metadata</metstdn>
<metstdv>FGDC-STD-001-1998</metstdv>
</metainfo>
</metadata>
